MEDIA_ID,MEDIA_NAME,CNT,TIME(2016/10/24 20:50:12.503),TIMETICK(f=3507539),FPOGX,FPOGY,FPOGS,FPOGD,FPOGID,FPOGV,BPOGX,BPOGY,BPOGV,CX,CY,CS,USER,LPCX,LPCY,LPD,LPS,LPV,RPCX,RPCY,RPD,RPS,RPV,
0,blankscreen_1680x1050,5,0.08195,489188321564,0.38921,0.05515,0.00000,0.08195,1,1,0.38982,0.08513,1,0.38988,0.12000,0,,0.31023,0.54916,14.57436,1.00958,1,0.66161,0.53773,12.41127,1.00645,1,
0,blankscreen_1680x1050,28,0.46029,489189648631,0.39468,0.11802,0.09835,0.36194,2,1,0.43134,0.25079,1,0.00000,0.99905,0,,0.31398,0.55476,14.85763,1.04375,1,0.66553,0.54211,13.75020,1.04061,1,
0,blankscreen_1680x1050,50,0.82140,489190915219,0.42604,0.31951,0.52574,0.29566,3,1,0.43692,0.37446,1,0.00000,0.88190,0,,0.31318,0.56876,12.33065,0.98065,1,0.66509,0.55640,12.24734,0.98686,1,
0,blankscreen_1680x1050,73,1.19926,489192240560,0.44852,0.37183,0.83905,0.36020,4,1,0.46593,0.47723,1,0.00000,0.88095,0,,0.31585,0.57094,12.10215,0.98065,1,0.66706,0.55917,11.28456,0.98213,1,
0,blankscreen_1680x1050,98,1.61297,489193691692,0.47369,0.48164,1.21563,0.39734,5,1,0.52871,0.66035,0,0.00000,0.88095,0,,0.31689,0.57999,10.33629,1.04135,0,0.66770,0.57052,9.87203,1.04756,0,
0,blankscreen_1680x1050,139,2.28354,489196043723,0.47827,0.49850,1.82333,0.46020,6,1,0.50114,0.47377,1,0.00000,0.88095,0,,0.31569,0.58240,11.12969,0.98065,1,0.66649,0.57071,10.57299,0.98213,1,
0,blankscreen_1680x1050,158,2.59566,489197138520,0.48800,0.56096,2.29995,0.29571,7,1,0.48577,0.55009,1,0.00000,0.88095,0,,0.31356,0.58372,10.61774,1.00386,1,0.66517,0.57112,10.37184,1.00544,1,
0,blankscreen_1680x1050,179,2.94088,489198349376,0.47941,0.58935,2.61207,0.32881,8,1,0.48285,0.64720,1,0.00000,0.88095,0,,0.31479,0.58484,10.16644,1.01761,1,0.66568,0.57245,9.49992,1.01447,1,
0,blankscreen_1680x1050,196,3.22012,489199328808,0.49275,0.62795,2.95722,0.26290,9,1,0.49986,0.57466,1,0.00000,0.88095,0,,0.31508,0.58562,10.45755,0.99793,1,0.66586,0.57228,9.00199,1.00345,1,
0,blankscreen_1680x1050,214,3.51584,489200366069,0.48064,0.61438,3.24682,0.26901,10,1,0.46497,0.55844,1,0.00000,0.88095,0,,0.31361,0.58355,10.57711,1.00396,1,0.66455,0.57039,9.85497,1.00544,1,
0,blankscreen_1680x1050,256,4.20579,489202786086,0.47831,0.59619,3.53221,0.67357,11,1,0.46589,0.55675,1,0.00000,0.88095,0,,0.31526,0.58121,11.01884,1.04146,1,0.66582,0.56863,9.34617,1.04767,1,
0,blankscreen_1680x1050,299,4.91185,489205262645,0.48196,0.57264,4.22823,0.68362,12,1,0.42005,0.54506,1,0.00000,0.88095,0,,0.32126,0.58300,9.04397,1.04204,1,0.67099,0.57060,8.65736,1.04756,1,
0,blankscreen_1680x1050,320,5.25697,489206473152,0.60753,0.61714,4.92848,0.32849,13,1,0.62015,0.61591,1,0.00000,0.88095,0,,0.32229,0.58709,8.94985,1.01299,1,0.67260,0.57561,8.29488,1.01447,1,
0,blankscreen_1680x1050,350,5.75655,489208225462,0.62792,0.63641,5.27350,0.48305,14,1,0.57881,0.58154,1,0.00000,0.88095,0,,0.31885,0.58487,7.78031,0.99451,1,0.66856,0.57256,7.60544,1.00072,1,
0,blankscreen_1680x1050,372,6.11138,489209470024,0.56333,0.63265,5.76637,0.34501,15,1,0.58017,0.63932,1,0.00000,0.88095,0,,0.31997,0.58279,7.46205,1.02728,1,0.67023,0.57144,7.85814,1.02887,1,
0,blankscreen_1680x1050,389,6.39091,489210450487,0.57000,0.61288,6.12766,0.26324,16,1,0.55665,0.51731,1,0.00000,0.88095,0,,0.31796,0.58124,8.48193,1.00869,1,0.66772,0.56990,8.37800,1.01017,1,
0,blankscreen_1680x1050,419,6.88378,489212179239,0.62578,0.63433,6.41317,0.47061,17,1,0.64996,0.66509,1,0.00000,0.88095,0,,0.32297,0.58485,8.81253,1.02255,1,0.67325,0.57345,8.85399,1.02403,1,
0,crosshairs_1680x1050,425,6.98198,489212523693,0.64500,0.65521,6.90019,0.08179,18,1,0.64666,0.64758,1,0.00000,0.88095,0,,0.32389,0.58339,8.89403,1.00880,1,0.67367,0.57097,7.52609,1.00566,1,
9,crosshairs_1680x1050,67,1.10112,489216443018,0.65945,0.64534,0.00000,1.10112,1,1,0.64488,0.68541,1,0.00000,0.88095,0,,0.32220,0.58726,8.15052,1.01352,1,0.67228,0.57291,7.41511,1.01038,1,
9,crosshairs_1680x1050,91,1.49541,489217825997,0.63280,0.66093,1.11763,0.37777,2,1,0.47853,0.64662,1,0.00000,0.88095,0,,0.31261,0.58324,8.77226,1.01320,1,0.66176,0.56892,7.72037,1.01479,1,
9,crosshairs_1680x1050,139,2.28369,489220590947,0.46706,0.53235,1.56116,0.72253,3,1,0.62275,0.59344,1,0.00000,0.88095,0,,0.31665,0.58373,9.94202,1.01793,1,0.66529,0.56998,9.52104,1.01479,1,
9,crosshairs_1680x1050,156,2.56327,489221571580,0.52252,0.56620,2.34975,0.21352,4,1,0.46488,0.57011,1,0.00000,0.88095,0,,0.30915,0.58306,9.82987,1.05070,1,0.65739,0.56734,8.76781,1.05229,1,
9,crosshairs_1680x1050,230,3.78602,489225860400,0.50153,0.61726,2.58137,1.20465,5,1,0.51176,0.59202,1,0.00000,0.88095,0,,0.30969,0.58564,10.60078,1.01299,1,0.65844,0.56960,9.04547,1.01447,1,
9,crosshairs_1680x1050,274,4.50154,489228370140,0.49755,0.59127,3.79521,0.70633,6,1,0.51631,0.54820,1,0.00000,0.88095,0,,0.30928,0.58594,9.45583,1.01783,1,0.65851,0.57032,8.47377,1.02403,1,
9,Butterfly1_eye_n_DABC_1680x1050,309,5.07657,489230387054,0.49350,0.60668,4.51811,0.55846,7,1,0.51777,0.61073,1,0.00000,0.88095,0,,0.31005,0.58520,10.99938,0.99483,1,0.66018,0.56892,9.35207,0.99631,1,
17,Butterfly1_eye_n_DABC_1680x1050,3,0.04810,489230616833,0.49487,0.60849,0.00000,0.04810,1,1,0.50646,0.66978,1,0.00000,0.88095,0,,0.31005,0.58501,11.04465,0.99010,1,0.65951,0.56870,9.19724,0.99158,1,
17,Butterfly1_eye_n_DABC_1680x1050,35,0.57409,489232461775,0.48005,0.58137,0.06432,0.50977,2,1,0.28974,0.40186,1,0.00000,0.88095,0,,0.29929,0.57975,11.32306,1.03179,1,0.64831,0.56259,10.09194,1.02865,1,
17,Butterfly1_eye_n_DABC_1680x1050,60,0.98590,489233906205,0.28992,0.46639,0.63984,0.34606,3,1,0.23257,0.37994,1,0.00000,0.88095,0,,0.29953,0.57999,11.34300,1.03850,1,0.64846,0.56348,9.76935,1.04471,1,
17,Butterfly1_eye_n_DABC_1680x1050,77,1.26421,489234882388,0.30170,0.44430,1.00136,0.26285,4,1,0.70471,0.46898,1,0.00000,0.88095,0,,0.31889,0.57618,10.80890,0.99993,1,0.66614,0.56066,10.19766,0.99728,1,
17,Butterfly1_eye_n_DABC_1680x1050,111,1.82273,489236841421,0.70880,0.55482,1.32963,0.49310,5,1,0.69744,0.62222,1,0.00000,0.88095,0,,0.31815,0.58111,11.56164,0.99451,1,0.66607,0.56558,10.33296,0.99599,1,
17,Butterfly1_eye_n_DABC_1680x1050,125,2.05456,489237654564,0.74665,0.68034,1.83923,0.21532,6,1,0.76997,0.66851,1,0.00000,0.88095,0,,0.31866,0.58975,10.88445,1.06233,1,0.66755,0.57422,10.54072,1.05920,1,
17,Butterfly1_eye_n_DABC_1680x1050,141,2.31525,489238568947,0.73448,0.77430,2.07372,0.24152,7,1,0.70434,0.84542,1,0.00000,0.88095,0,,0.31914,0.59446,12.17084,0.99451,1,0.66690,0.57861,10.86701,0.99599,1,
17,Butterfly1_eye_n_DABC_1680x1050,156,2.56271,489239436945,0.65633,0.84913,2.33166,0.23105,8,1,0.27874,0.83303,1,0.00000,0.88095,0,,0.30169,0.59559,12.46215,1.01525,1,0.64902,0.57738,11.28822,1.01684,1,
17,Butterfly1_eye_n_DABC_1680x1050,176,2.89185,489240591400,0.24376,0.78130,2.62735,0.26450,9,1,0.19636,0.46434,1,0.00000,0.88095,0,,0.29922,0.58453,11.06577,1.02760,1,0.64609,0.56839,10.82686,1.03380,1,
17,Butterfly1_eye_n_DABC_1680x1050,195,3.20240,489241680662,0.30495,-0.42725,3.00547,0.19693,10,1,0.24700,0.45474,1,0.00000,0.88095,0,,0.29601,0.57832,12.12650,1.06670,1,0.64460,0.56193,10.60685,1.06828,1,
17,Butterfly1_eye_n_DABC_1680x1050,223,3.66271,489243295237,0.21720,0.47603,3.27546,0.38725,11,1,0.18893,0.65340,1,0.00000,0.88095,0,,0.29662,0.58793,12.17455,1.00869,1,0.64413,0.57092,12.34680,1.02035,1,
17,Butterfly1_eye_n_DABC_1680x1050,255,4.18828,489245138687,0.21642,0.69762,3.72849,0.45979,12,1,0.21457,0.67039,1,0.00000,0.88095,0,,0.29635,0.58859,11.91683,1.04375,1,0.64474,0.57037,11.15380,1.04533,1,
17,Butterfly1_eye_n_DABC_1680x1050,269,4.41861,489245946574,0.23881,0.50190,4.20453,0.21408,13,1,0.27289,0.40913,1,0.00000,0.88095,0,,0.29757,0.57648,11.54890,1.01919,1,0.64516,0.56037,11.20518,1.03085,1,
17,Butterfly1_eye_n_DABC_1680x1050,297,4.88027,489247565854,0.23075,0.38860,4.43450,0.44577,14,1,0.21546,0.41182,1,0.00000,0.88095,0,,0.29496,0.57992,12.27838,1.02297,1,0.64269,0.56260,11.08759,1.02456,1,
17,Butterfly1_eye_n_DABC_1680x1050,311,5.10813,489248365090,0.23058,0.29972,4.89480,0.21333,15,1,0.24758,0.23358,1,0.00000,0.88095,0,,0.29683,0.57769,13.33455,1.02760,1,0.64486,0.55965,12.22122,1.02918,1,
17,Butterfly1_eye_n_DABC_1680x1050,324,5.32161,489249113897,0.46863,0.24935,5.12666,0.19496,16,1,0.77047,0.20516,1,0.00000,0.88095,0,,0.31819,0.57497,12.30930,1.03684,1,0.66531,0.55933,12.16916,1.03842,1,
17,Butterfly1_eye_n_DABC_1680x1050,343,5.63409,489250209937,0.76874,0.24517,5.38738,0.24672,17,1,0.80402,0.54302,1,0.00000,0.88095,0,,0.31716,0.58490,11.26602,1.02266,1,0.66275,0.56926,11.72972,1.02424,1,
17,Butterfly1_eye_n_DABC_1680x1050,367,6.02812,489251592005,0.79592,0.70205,5.69943,0.32869,18,1,0.79225,0.73859,1,0.00000,0.88095,0,,0.30933,0.58838,12.06853,1.03190,1,0.65617,0.57032,11.38539,1.03338,1,
17,Butterfly1_eye_n_DABC_1680x1050,381,6.25828,489252399303,0.66656,0.75363,6.04450,0.21379,19,1,0.24662,0.73012,1,0.00000,0.88095,0,,0.29463,0.58934,11.49080,1.01320,1,0.64149,0.57042,11.70019,1.01007,1,
17,Butterfly1_eye_n_DABC_1680x1050,406,6.66883,489253839298,0.23502,0.79235,6.33042,0.33840,20,1,0.24671,0.87300,1,0.00000,0.88095,0,,0.29452,0.59398,10.40479,1.00937,1,0.64201,0.57507,9.91781,1.01558,1,
17,whitescreen_1680x1050,430,7.06296,489255221747,0.20388,0.89680,6.68505,0.37791,21,1,0.19414,0.91913,1,0.00000,0.88095,0,,0.29299,0.59604,9.88628,0.98527,1,0.64074,0.57813,9.33229,0.98675,1,
1,whitescreen_1680x1050,15,0.24417,489256143976,0.19691,0.88868,0.00000,0.24417,1,1,0.19495,0.53416,1,0.00000,0.88095,0,,0.29564,0.58126,10.84504,1.01825,1,0.64234,0.56445,9.94181,1.01973,1,
1,whitescreen_1680x1050,34,0.56450,489257267549,0.24973,0.48459,0.30991,0.25459,2,1,0.28061,0.43791,1,0.00000,0.88095,0,,0.29438,0.57709,10.61274,1.01761,1,0.64247,0.55944,9.42819,1.01447,1,
1,whitescreen_1680x1050,52,0.85231,489258277070,0.27296,0.53080,0.57281,0.27951,3,1,0.26877,0.61707,1,0.00000,0.88095,0,,0.29529,0.58892,11.20738,1.03652,1,0.64276,0.56948,9.24781,1.03811,1,
1,whitescreen_1680x1050,69,1.13137,489259255865,0.31933,0.68656,0.91792,0.21345,4,1,0.73867,0.50667,1,0.00000,0.88095,0,,0.31564,0.57676,11.50558,1.01342,1,0.66197,0.56172,10.67108,1.01500,1,
1,whitescreen_1680x1050,109,1.78848,489261560715,0.72851,0.42594,1.19735,0.59114,5,1,0.75258,0.40406,1,0.00000,0.88095,0,,0.31722,0.57149,11.38506,1.01487,1,0.66471,0.55618,10.99907,1.02108,1,
1,whitescreen_1680x1050,133,2.18306,489262944719,0.56493,0.54703,1.90348,0.27958,6,1,0.46674,0.50305,1,0.00000,0.88095,0,,0.30644,0.57860,12.19536,1.04146,1,0.65392,0.56268,11.48920,1.04767,1,
1,whitescreen_1680x1050,146,2.40402,489263719728,0.36093,0.63813,2.20098,0.20304,7,1,0.24335,0.74968,1,0.00000,0.88095,0,,0.29868,0.58497,12.46948,1.00612,1,0.64637,0.56840,11.34587,1.01316,1,
1,whitescreen_1680x1050,163,2.67560,489264672313,0.32785,0.66057,2.46198,0.21362,8,1,0.50379,0.48145,1,0.00000,0.88095,0,,0.30800,0.57581,12.83281,1.02432,1,0.65518,0.56010,11.88865,1.03053,1,
1,whitescreen_1680x1050,179,2.93871,489265595164,0.66676,0.32059,2.74114,0.19757,9,1,0.77382,0.25615,1,0.00000,0.88095,0,,0.31759,0.56767,12.31988,0.97759,1,0.66453,0.55269,12.18410,0.97445,1,
1,whitescreen_1680x1050,207,3.40694,489267237502,0.74560,0.25035,2.96698,0.43995,10,1,0.71321,0.23205,1,0.00000,0.88095,0,,0.31490,0.56620,12.55943,1.04597,1,0.66379,0.55118,12.58854,1.04283,1,
1,whitescreen_1680x1050,237,3.89232,489268939993,0.70679,0.25614,3.41486,0.47745,11,1,0.65306,0.38255,1,0.00000,0.88095,0,,0.31461,0.56798,13.45171,1.02266,1,0.66203,0.55346,12.96715,1.02425,1,
1,whitescreen_1680x1050,268,4.40060,489270722803,0.63545,0.41735,3.95661,0.44398,12,1,0.59630,0.44660,1,0.00000,0.88095,0,,0.31232,0.56667,13.54826,1.04146,1,0.66082,0.55108,12.78303,1.04767,1,
1,whitescreen_1680x1050,290,4.76222,489271991197,0.58983,0.43799,4.41698,0.34524,13,1,0.58001,0.50354,1,0.00000,0.88095,0,,0.31230,0.56955,13.12623,1.03179,1,0.66055,0.55421,12.56551,1.03338,1,
1,whitescreen_1680x1050,303,4.97563,489272739742,0.61470,0.67445,4.77849,0.19714,14,1,0.74547,0.81569,1,0.00000,0.88095,0,,0.31695,0.58441,13.80969,1.00848,1,0.66403,0.56889,13.51176,1.01469,1,
1,whitescreen_1680x1050,332,5.45220,489274411344,0.73986,0.77587,5.04128,0.41092,15,1,0.59243,0.73183,1,0.00000,0.88095,0,,0.30834,0.57714,12.60505,1.03211,1,0.65659,0.56216,12.68425,1.03370,1,
1,whitescreen_1680x1050,350,5.74781,489275448217,0.28681,0.75013,5.51771,0.23010,16,1,0.63555,0.66617,1,0.00000,0.88095,0,,0.31582,0.57776,13.73859,1.01804,1,0.66255,0.56253,13.20529,1.02508,1,
1,whitescreen_1680x1050,368,6.04332,489276484723,0.67146,0.75096,5.81334,0.22998,17,1,0.57519,0.68714,1,0.00000,0.88095,0,,0.30714,0.56764,12.74593,1.04135,1,0.65592,0.55258,12.03525,1.03821,1,
1,whitescreen_1680x1050,386,6.34915,489277557435,0.52948,0.69208,6.05970,0.28945,18,1,0.44581,0.65571,1,0.00000,0.88095,0,,0.30453,0.56417,13.86251,1.02760,1,0.65425,0.54898,12.83541,1.03380,1,
1,crosshairs_1680x1050,426,7.00915,489279872392,0.42716,0.69683,6.35545,0.65370,19,1,0.19070,0.69841,1,0.00000,0.88095,0,,0.29497,0.57560,14.47490,1.00901,1,0.64323,0.55723,12.73417,1.01049,1,
1,crosshairs_1680x1050,426,7.00915,489279872392,0.42716,0.69683,6.35545,0.65370,19,1,0.19070,0.69841,1,0.00000,0.88095,0,,0.29497,0.57560,14.47490,1.00901,1,0.64323,0.55723,12.73417,1.01049,1,
10,crosshairs_1680x1050,16,0.27019,489281004876,0.14857,0.68431,0.00000,0.27019,2,1,0.05677,0.68959,1,0.00000,0.88095,0,,0.28724,0.57688,13.77779,1.01331,1,0.63675,0.56114,14.76238,1.01952,1,
10,crosshairs_1680x1050,29,0.47674,489281729373,0.20581,0.62307,0.27960,0.19714,3,1,0.44712,0.51905,1,0.00000,0.88095,0,,0.30139,0.56980,13.46640,0.99462,1,0.65013,0.55384,12.78392,1.00082,1,
10,crosshairs_1680x1050,51,0.83779,489282995745,0.48202,0.51849,0.54238,0.29540,4,1,0.51219,0.60419,1,0.00000,0.88095,0,,0.30458,0.56876,11.51190,0.99010,1,0.65354,0.55289,11.02268,0.99631,1,
10,crosshairs_1680x1050,74,1.21608,489284322633,0.50752,0.61593,0.90392,0.31216,5,1,0.49351,0.69155,1,0.00000,0.88095,0,,0.30314,0.56925,11.06510,0.99162,1,0.65114,0.55204,9.75200,0.98848,1,
10,crosshairs_1680x1050,93,1.52802,489285416778,0.50446,0.65220,1.23231,0.29571,6,1,0.50423,0.58690,1,0.00000,0.88095,0,,0.30422,0.56849,10.98280,1.03201,1,0.65203,0.55256,10.37060,1.03349,1,
10,crosshairs_1680x1050,120,1.97163,489286972743,0.49503,0.65924,1.54869,0.42294,7,1,0.52211,0.65690,1,0.00000,0.88095,0,,0.30431,0.56964,10.69037,1.00533,1,0.65299,0.55377,10.31508,1.01558,1,
10,crosshairs_1680x1050,137,2.25224,489287956995,0.49043,0.62482,1.98819,0.26404,8,1,0.43815,0.75250,0,0.00000,0.88095,0,,0.30333,0.56982,11.10355,1.00869,0,0.65260,0.55327,9.88513,1.00555,0,
10,crosshairs_1680x1050,171,2.80937,489289911155,0.49004,0.57717,2.51359,0.29578,9,1,0.47724,0.72778,1,0.00000,0.88095,0,,0.30459,0.56920,11.24024,1.02760,1,0.65302,0.55373,10.36665,1.03380,1,
10,Butterfly6_vib_n_CADB_1680x1050,186,3.05584,489290775659,0.49259,0.60381,2.82574,0.23010,10,1,0.49474,0.68634,1,0.00000,0.88095,0,,0.30358,0.56952,11.24611,1.02707,1,0.65183,0.55384,10.50991,1.02865,1,
22,Butterfly6_vib_n_CADB_1680x1050,5,0.08161,489291119893,0.49677,0.61952,0.00000,0.08161,1,1,0.49268,0.70313,1,0.00000,0.88095,0,,0.30327,0.56922,10.84309,1.05070,1,0.65147,0.55387,10.07082,1.05229,1,
22,Butterfly6_vib_n_CADB_1680x1050,27,0.44334,489292388677,0.48523,0.63997,0.10054,0.34280,2,1,0.49800,0.48847,1,0.00000,0.88095,0,,0.29553,0.56673,11.57221,1.01331,1,0.64200,0.54984,10.64170,1.01952,1,
22,Butterfly6_vib_n_CADB_1680x1050,50,0.82158,489293715380,0.24718,0.44525,0.50903,0.31256,3,1,0.27153,0.53344,1,0.00000,0.88095,0,,0.29127,0.56951,11.28695,1.00375,1,0.63900,0.55105,9.97010,1.00061,1,
22,Butterfly6_vib_n_CADB_1680x1050,64,1.05142,489294521540,0.36167,0.45106,0.83806,0.21336,4,1,0.71359,0.52620,1,0.00000,0.88095,0,,0.30940,0.56668,10.93747,1.01793,1,0.65530,0.55014,10.36578,1.01479,1,
22,Butterfly6_vib_n_CADB_1680x1050,88,1.45888,489295950722,0.71343,0.57213,1.11718,0.34170,5,1,0.69250,0.56463,1,0.00000,0.88095,0,,0.30964,0.56864,11.28337,1.03538,1,0.65636,0.55329,9.90052,1.02691,1,
22,Butterfly6_vib_n_CADB_1680x1050,103,1.69228,489296769364,0.70303,0.53053,1.46388,0.22839,6,1,0.73994,0.67149,1,0.00000,0.88095,0,,0.31210,0.56622,11.75234,1.02593,1,0.65960,0.55170,10.92403,1.02218,1,
22,Butterfly6_vib_n_CADB_1680x1050,125,2.05349,489298036333,0.72462,0.56453,1.70831,0.34518,7,1,0.79103,0.81251,1,0.00000,0.88095,0,,0.31375,0.57386,10.56411,1.05724,1,0.65850,0.55966,10.06105,1.05410,1,
22,Butterfly6_vib_n_CADB_1680x1050,150,2.46403,489299476319,0.71999,0.86289,2.11917,0.34485,8,1,0.49359,0.77808,1,0.00000,0.88095,0,,0.29592,0.57963,10.46995,1.03222,1,0.64135,0.56273,10.49859,1.02908,1,
22,Butterfly6_vib_n_CADB_1680x1050,185,3.03902,489301493139,0.23102,0.82209,2.52986,0.50916,9,1,0.20762,0.76709,1,0.00000,0.88095,0,,0.29249,0.57783,10.28044,1.03850,1,0.63869,0.56072,9.15409,1.04471,1,
22,Butterfly6_vib_n_CADB_1680x1050,207,3.40062,489302761429,0.23203,0.48293,3.10482,0.29580,10,1,0.25682,0.43425,1,0.00000,0.88095,0,,0.29302,0.56799,11.43138,1.03222,1,0.63907,0.55113,9.59348,1.03842,1,
22,Butterfly6_vib_n_CADB_1680x1050,223,3.66331,489303682832,0.25684,0.38911,3.42011,0.24319,11,1,0.32298,0.36458,0,0.00000,0.88095,0,,0.30190,0.56771,6.75972,1.02266,0,0.64816,0.55554,9.04205,1.02887,0,
22,Butterfly6_vib_n_CADB_1680x1050,261,4.29537,489305899829,0.73950,0.79936,3.87679,0.41858,12,1,0.73871,0.84146,1,0.00000,0.88095,0,,0.29840,0.57100,10.78353,1.02760,1,0.64320,0.55478,9.76011,1.03926,1,
22,Butterfly6_vib_n_CADB_1680x1050,291,4.78046,489307601305,0.23198,0.47975,4.35361,0.42685,13,1,0.20198,0.51448,1,0.00000,0.88095,0,,0.29168,0.57022,11.73622,1.01793,1,0.63922,0.55445,11.11464,1.01479,1,
22,Butterfly6_vib_n_CADB_1680x1050,319,5.24056,489309215100,0.18202,0.45988,4.79696,0.44360,14,1,0.22669,0.41472,1,0.00000,0.88095,0,,0.29148,0.56502,11.98280,1.06956,1,0.63837,0.54937,12.14489,1.07115,1,
22,Butterfly6_vib_n_CADB_1680x1050,358,5.88079,489311460735,0.70720,0.34934,5.35545,0.52534,15,1,0.77131,0.33088,1,0.00000,0.88095,0,,0.31430,0.56625,12.65678,1.05070,1,0.66082,0.55262,11.50443,1.05229,1,
22,Butterfly6_vib_n_CADB_1680x1050,375,6.16054,489312441977,0.74206,0.39230,5.89717,0.26337,16,1,0.73377,0.60443,1,0.00000,0.88095,0,,0.31451,0.57265,11.01058,1.01835,1,0.66075,0.55918,11.25274,1.01994,1,
22,Butterfly6_vib_n_CADB_1680x1050,394,6.47922,489313559765,0.73373,0.83740,6.22639,0.25283,17,1,0.67450,0.89164,1,0.00000,0.88095,0,,0.31330,0.58072,11.55202,1.00407,1,0.65940,0.56717,10.85147,1.00555,1,
22,Butterfly6_vib_n_CADB_1680x1050,408,6.70445,489314349762,0.59990,0.85557,6.48917,0.21528,18,1,0.24542,0.78558,1,0.00000,0.88095,0,,0.29542,0.57980,10.60940,1.01804,1,0.64128,0.56424,11.10423,1.02508,1,
22,whitescreen_1680x1050,430,7.06393,489315610643,0.22006,0.78795,6.76832,0.29560,19,1,0.22576,0.78621,1,0.00000,0.88095,0,,0.29303,0.58121,10.45733,1.05070,1,0.63914,0.56497,11.25284,1.05229,1,
2,whitescreen_1680x1050,3,0.04021,489315841088,0.21785,0.79234,0.00000,0.04021,1,1,0.20897,0.89825,1,0.00000,0.88095,0,,0.29338,0.58156,10.40204,1.05070,1,0.63926,0.56508,11.22000,1.05229,1,
2,whitescreen_1680x1050,7,0.10580,489316071146,0.19497,0.75976,0.05658,0.04922,2,1,0.15828,0.73464,1,0.00000,0.88095,0,,0.29485,0.56872,10.96958,1.05070,1,0.63972,0.55306,10.63607,1.04756,1,
2,whitescreen_1680x1050,36,0.59130,489317774055,0.24846,0.44763,0.17164,0.41966,3,1,0.25693,0.31418,1,0.00000,0.88095,0,,0.29277,0.56285,11.19230,1.04125,1,0.63927,0.54604,10.26163,1.04283,1,
2,whitescreen_1680x1050,58,0.94371,489319010154,0.26519,0.36660,0.59884,0.34488,4,1,0.37849,0.40652,1,0.00000,0.88095,0,,0.29766,0.56189,11.88600,1.05283,1,0.64447,0.54606,9.96226,1.05442,1,
2,whitescreen_1680x1050,67,1.09161,489319528931,0.48817,0.42309,0.96021,0.13140,5,1,0.77974,0.73726,1,0.00000,0.88095,0,,0.31340,0.56903,11.15179,1.05070,1,0.65889,0.55419,10.56111,1.04756,1,
2,whitescreen_1680x1050,84,1.37101,489320508944,0.76710,0.72021,1.15734,0.21367,6,1,0.77605,0.78135,1,0.00000,0.88095,0,,0.31552,0.57600,11.99902,1.03357,1,0.66267,0.56198,11.08330,1.04061,1,
2,whitescreen_1680x1050,97,1.58569,489321261933,0.55275,0.67085,1.38720,0.19849,7,1,0.37294,0.59536,1,0.00000,0.88095,0,,0.30105,0.56981,11.28248,1.00407,1,0.64777,0.55411,10.71914,1.00566,1,
2,whitescreen_1680x1050,113,1.84745,489322180082,0.29884,0.48121,1.65039,0.19707,8,1,0.25067,0.42677,1,0.00000,0.88095,0,,0.29372,0.56301,11.92228,1.01761,1,0.64106,0.54763,11.02769,1.01447,1,
2,whitescreen_1680x1050,132,2.15945,489323274418,0.26349,0.44156,1.86406,0.29539,9,1,0.20411,0.32961,1,0.00000,0.88095,0,,0.29344,0.55999,11.80340,1.01696,1,0.64025,0.54459,11.14307,1.02249,1,
2,whitescreen_1680x1050,152,2.48795,489324426622,0.23047,0.33279,2.17811,0.30983,10,1,0.24012,0.31122,1,0.00000,0.88095,0,,0.29367,0.56027,12.17637,1.05070,1,0.64069,0.54459,11.23038,1.05229,1,
2,whitescreen_1680x1050,173,2.83306,489325637136,0.22805,0.33724,2.50475,0.32831,11,1,0.22592,0.40277,1,0.00000,0.88095,0,,0.29303,0.55985,12.27812,1.02298,1,0.63990,0.54328,11.11551,1.02918,1,
2,whitescreen_1680x1050,193,3.16190,489326790533,0.23397,0.31646,2.84961,0.31229,12,1,0.24045,0.27593,1,0.00000,0.88095,0,,0.29158,0.55621,12.78073,1.00417,1,0.63868,0.54079,11.43199,1.00576,1,
2,whitescreen_1680x1050,243,3.98294,489329670387,0.24457,0.28018,3.17826,0.80468,13,1,0.25526,0.31911,1,0.00000,0.88095,0,,0.29495,0.54796,13.36902,1.00880,1,0.64366,0.53370,13.26334,1.01038,1,
2,whitescreen_1680x1050,255,4.18042,489330363027,0.26465,0.30255,3.99946,0.18096,14,1,0.34688,-0.12775,0,0.00000,0.88095,0,,0.29512,0.54390,13.61745,0.99619,0,0.64505,0.53057,8.61326,1.00645,0,
2,whitescreen_1680x1050,275,4.50904,489331515684,0.25743,0.40130,4.39366,0.11538,15,1,0.26327,0.76550,0,0.00000,0.88095,0,,0.29898,0.55329,12.37419,1.02760,0,0.65030,0.54800,10.21074,1.02918,0,
2,whitescreen_1680x1050,345,5.65866,489335548015,0.23167,0.31743,4.67292,0.98574,16,1,0.20842,0.37448,1,0.00000,0.88095,0,,0.30060,0.55282,12.31522,1.05070,1,0.64944,0.54557,11.28041,1.05229,1,
2,whitescreen_1680x1050,378,6.20073,489337449367,0.22500,0.30843,5.67503,0.52571,17,1,0.24778,0.23498,1,0.00000,0.88095,0,,0.29786,0.55338,12.96181,1.01320,1,0.64622,0.54488,12.21844,1.01007,1,
2,whitescreen_1680x1050,410,6.72654,489339293641,0.24041,0.27265,6.21717,0.50936,18,1,0.26426,0.24299,1,0.00000,0.88095,0,,0.29937,0.55409,13.85676,1.05283,1,0.64746,0.54463,12.77021,1.05904,1,
2,crosshairs_1680x1050,430,7.05508,489340446023,0.25093,0.26032,6.74295,0.31213,19,1,0.25628,0.24190,1,0.00000,0.88095,0,,0.29508,0.55525,13.72310,1.02266,1,0.64359,0.54476,13.11050,1.02425,1,
11,crosshairs_1680x1050,22,0.36186,489341772238,0.25925,0.26291,0.00000,0.36186,1,1,0.36563,0.37514,1,0.00000,0.88095,0,,0.30040,0.55618,11.91390,1.03684,1,0.64753,0.54782,12.32886,1.03843,1,
11,crosshairs_1680x1050,44,0.72602,489343049516,0.44330,0.45437,0.42736,0.29865,2,1,0.50021,0.50211,1,0.00000,0.88095,0,,0.30708,0.56148,12.02322,0.99924,1,0.65490,0.55226,11.64593,1.00072,1,
11,crosshairs_1680x1050,83,1.36388,489345286835,0.48899,0.62733,0.78906,0.57481,3,1,0.47833,0.63030,1,0.00000,0.88095,0,,0.30637,0.56551,9.72928,1.01342,1,0.65416,0.55582,8.66041,1.01490,1,
11,crosshairs_1680x1050,111,1.82362,489346899426,0.49501,0.61644,1.38150,0.44212,4,1,0.51797,0.55440,1,0.00000,0.88095,0,,0.30945,0.56755,8.90229,1.03684,1,0.65708,0.55829,8.51375,1.04305,1,
11,crosshairs_1680x1050,163,2.67829,489349897203,0.49642,0.61881,1.84014,0.83815,5,1,0.50549,0.63160,1,0.00000,0.88095,0,,0.30922,0.56620,9.58652,1.05070,1,0.65708,0.55627,8.72794,1.05229,1,
11,Butterfly3_eye_p_EBDC_1680x1050,186,3.05574,489351221126,0.49184,0.59234,2.69713,0.35862,6,1,0.48254,0.65466,1,0.00000,0.88095,0,,0.30839,0.56653,9.12586,1.04146,1,0.65644,0.55678,7.90148,1.04305,1,
11,Butterfly3_eye_p_EBDC_1680x1050,186,3.05574,489351221126,0.49184,0.59234,2.69713,0.35862,6,1,0.48254,0.65466,1,0.00000,0.88095,0,,0.30839,0.56653,9.12586,1.04146,1,0.65644,0.55678,7.90148,1.04305,1,
19,Butterfly3_eye_p_EBDC_1680x1050,26,0.42697,489352834825,0.49176,0.61894,0.00000,0.42697,2,1,0.35897,0.52271,1,0.00000,0.88095,0,,0.30213,0.56287,10.49928,1.01814,1,0.64845,0.55266,9.43651,1.02435,1,
19,Butterfly3_eye_p_EBDC_1680x1050,44,0.72271,489353872140,0.29142,0.47701,0.49304,0.22966,3,1,0.27215,0.47227,1,0.00000,0.88095,0,,0.29826,0.56159,10.60744,1.01373,1,0.64566,0.55268,9.81811,1.01994,1,
19,Butterfly3_eye_p_EBDC_1680x1050,64,1.05107,489355023892,0.25785,0.46688,0.73944,0.31163,4,1,0.23804,0.41418,1,0.00000,0.88095,0,,0.29833,0.56379,10.88052,1.02891,1,0.64581,0.55285,9.51950,1.03039,1,
19,Butterfly3_eye_p_EBDC_1680x1050,78,1.28117,489355830974,0.36038,0.44248,1.06757,0.21360,5,1,0.72888,0.50575,1,0.00000,0.88095,0,,0.31925,0.56235,10.15523,1.04597,1,0.66498,0.55441,9.84845,1.04283,1,
19,Butterfly3_eye_p_EBDC_1680x1050,105,1.72500,489357387736,0.74191,0.53735,1.34851,0.37649,6,1,0.75289,0.83118,1,0.00000,0.88095,0,,0.32122,0.57399,9.85154,1.03713,1,0.66683,0.56600,9.28446,1.02865,1,
19,Butterfly3_eye_p_EBDC_1680x1050,125,2.05351,489358539990,0.74231,0.83856,1.79042,0.26310,7,1,0.79633,0.84742,1,0.00000,0.88095,0,,0.32057,0.57750,10.09870,1.00396,1,0.66789,0.56954,9.10745,1.01017,1,
19,Butterfly3_eye_p_EBDC_1680x1050,142,2.33377,489359523009,0.78344,0.84612,2.07000,0.26377,8,1,0.86188,0.86797,1,0.00000,0.88095,0,,0.32234,0.57244,10.09330,1.01793,1,0.66972,0.56375,9.69709,1.01941,1,
19,Butterfly3_eye_p_EBDC_1680x1050,175,2.88002,489361438985,0.33405,0.64215,2.64485,0.23516,9,1,0.32228,0.62428,1,0.00000,0.88095,0,,0.30294,0.56403,10.12130,1.04597,1,0.64953,0.55542,9.39652,1.04283,1,
19,Butterfly3_eye_p_EBDC_1680x1050,182,2.98976,489361823911,0.30190,0.25210,2.94066,0.04910,10,1,0.32972,-0.22121,1,0.00000,0.88095,0,,0.30253,0.55981,11.42547,1.02707,1,0.64855,0.54679,9.24270,1.02865,1,
19,Butterfly3_eye_p_EBDC_1680x1050,211,3.46635,489363495573,0.35122,0.16706,3.20776,0.25859,11,1,0.84295,0.15770,1,0.00000,0.88095,0,,0.32287,0.55626,12.64364,1.05070,1,0.66890,0.54454,10.18587,1.05229,1,
19,Butterfly3_eye_p_EBDC_1680x1050,231,3.79479,489364647599,0.82844,0.10934,3.53896,0.25583,12,1,0.82574,0.09982,1,0.00000,0.88095,0,,0.32433,0.55525,12.03452,1.00521,1,0.67230,0.54432,10.70355,1.00207,1,
19,Butterfly3_eye_p_EBDC_1680x1050,255,4.18898,489366030239,0.83001,0.13173,3.81759,0.37140,13,1,0.85561,0.20240,1,0.00000,0.88095,0,,0.32654,0.56389,11.08919,1.02485,1,0.67188,0.55714,10.64023,1.03106,1,
19,Butterfly3_eye_p_EBDC_1680x1050,281,4.62428,489367557064,0.86463,0.58731,4.25498,0.36930,14,1,0.81157,0.65128,1,0.00000,0.88095,0,,0.32520,0.57051,11.65846,1.00396,1,0.67159,0.56414,10.61339,1.00545,1,
19,Butterfly3_eye_p_EBDC_1680x1050,301,4.95424,489368714414,0.83711,0.63025,4.63247,0.32177,15,1,0.86540,0.57445,1,0.00000,0.88095,0,,0.32378,0.56250,11.30359,1.04597,1,0.67021,0.55549,10.45731,1.04283,1,
19,Butterfly3_eye_p_EBDC_1680x1050,321,5.28212,489369864450,0.81773,0.59852,4.96129,0.32083,16,1,0.83278,0.59716,1,0.00000,0.88095,0,,0.32053,0.56074,10.48068,1.06912,1,0.66682,0.55281,10.31063,1.06537,1,
19,Butterfly3_eye_p_EBDC_1680x1050,338,5.55249,489370812798,0.69739,0.62715,5.33904,0.21345,17,1,0.68339,0.87210,1,0.00000,0.88095,0,,0.32140,0.57063,10.40767,1.01814,1,0.66729,0.56400,10.21964,1.02435,1,
19,Butterfly3_eye_p_EBDC_1680x1050,385,6.32465,489373521181,0.69821,0.81053,5.66769,0.65696,18,1,0.67011,0.83594,1,0.00000,0.88095,0,,0.32095,0.56949,10.12532,1.03652,1,0.66755,0.56305,10.14883,1.03811,1,
19,Butterfly3_eye_p_EBDC_1680x1050,411,6.75195,489375019937,0.60378,0.81079,6.34116,0.41079,19,1,0.53619,0.76006,1,0.00000,0.88095,0,,0.30297,0.57387,11.37585,1.02728,1,0.64868,0.56317,10.43774,1.02876,1,
19,whitescreen_1680x1050,431,7.08133,489376175247,0.26836,0.73971,6.82177,0.25956,20,1,0.43827,0.56079,1,0.00000,0.88095,0,,0.30990,0.56355,10.97562,0.99010,1,0.65468,0.55379,10.31994,0.99631,1,
19,whitescreen_1680x1050,431,7.08133,489376175247,0.26836,0.73971,6.82177,0.25956,20,1,0.43827,0.56079,1,0.00000,0.88095,0,,0.30990,0.56355,10.97562,0.99010,1,0.65468,0.55379,10.31994,0.99631,1,
3,whitescreen_1680x1050,14,0.21743,489377151874,0.56833,0.56500,0.00595,0.21148,2,1,0.71001,0.68300,1,0.00000,0.88095,0,,0.32228,0.56900,12.14286,1.05070,1,0.66847,0.56227,10.88751,1.05229,1,
3,whitescreen_1680x1050,31,0.49693,489378132198,0.76303,0.55251,0.28342,0.21350,3,1,0.81382,0.50170,1,0.00000,0.88095,0,,0.32484,0.56060,12.17354,1.04608,1,0.67098,0.55385,11.14296,1.05229,1,
3,whitescreen_1680x1050,49,0.79250,489379168950,0.74797,0.47122,0.51339,0.27911,4,1,0.72552,0.35442,1,0.00000,0.88095,0,,0.32037,0.55781,10.67359,1.06790,1,0.66638,0.55098,11.45620,1.06938,1,
3,whitescreen_1680x1050,69,1.12096,489380321012,0.68537,0.54357,0.80897,0.31199,5,1,0.55756,0.46697,1,0.00000,0.88095,0,,0.31261,0.56137,11.20272,1.05216,1,0.65937,0.55225,10.86231,1.04902,1,
3,whitescreen_1680x1050,95,1.54805,489381819076,0.29990,0.72211,1.28554,0.26252,6,1,0.59750,0.62502,1,0.00000,0.88095,0,,0.31704,0.56286,12.14782,1.01825,1,0.66303,0.55543,11.40475,1.01973,1,
3,whitescreen_1680x1050,116,1.89305,489383029152,0.56372,0.58752,1.61368,0.27937,7,1,0.51638,0.54715,1,0.00000,0.88095,0,,0.31356,0.56196,11.51060,1.05070,1,0.66059,0.55429,11.40596,1.05229,1,
3,whitescreen_1680x1050,142,2.32021,489384527436,0.54366,0.57081,1.90960,0.41061,8,1,0.59323,0.69012,1,0.00000,0.88095,0,,0.32096,0.56345,11.53722,1.05070,1,0.66662,0.55631,11.56216,1.04756,1,
3,whitescreen_1680x1050,162,2.64870,489385679639,0.64920,0.64080,2.38596,0.26274,9,1,0.54609,0.62818,1,0.00000,0.88095,0,,0.31333,0.56394,10.12889,1.02471,1,0.65983,0.55529,10.56254,1.02630,1,
3,whitescreen_1680x1050,185,3.02655,489387004983,0.51283,0.61908,2.66520,0.36135,10,1,0.47080,0.59841,1,0.00000,0.88095,0,,0.31106,0.56336,10.68683,1.00060,1,0.65767,0.55464,9.59002,0.99746,1,
3,whitescreen_1680x1050,210,3.43763,489388446854,0.49436,0.69664,3.04313,0.39451,11,1,0.51996,0.70617,1,0.00000,0.88095,0,,0.31089,0.56201,10.24447,1.04125,1,0.65703,0.55365,10.72707,1.04283,1,
3,whitescreen_1680x1050,237,3.88082,489390001347,0.49685,0.57399,3.45596,0.42486,12,1,0.49245,0.61945,1,0.00000,0.88095,0,,0.31046,0.56028,11.18775,1.04146,1,0.65710,0.55238,10.60181,1.04767,1,
3,whitescreen_1680x1050,288,4.71864,489392940030,0.48997,0.58810,3.89732,0.82132,13,1,0.50684,0.56584,1,0.00000,0.88095,0,,0.31122,0.55873,10.92364,1.01761,1,0.65834,0.55251,10.79208,1.01448,1,
3,whitescreen_1680x1050,330,5.40866,489395360300,0.48220,0.58524,4.73499,0.67367,14,1,0.40393,0.71891,1,0.00000,0.88095,0,,0.31519,0.54714,7.62737,1.02707,0,0.66306,0.53566,11.24762,1.02393,1,
3,whitescreen_1680x1050,362,5.93466,489397205257,0.45765,0.53518,5.42515,0.50951,15,1,0.49287,0.46969,1,0.00000,0.88095,0,,0.31764,0.55127,12.33939,1.00848,1,0.66480,0.54520,11.41876,1.01007,1,
3,whitescreen_1680x1050,385,6.31230,489398529843,0.48872,0.51424,5.95088,0.36142,16,1,0.50759,0.57717,1,0.00000,0.88095,0,,0.31963,0.55349,11.02646,0.99913,1,0.66651,0.54841,10.34889,1.00061,1,
3,whitescreen_1680x1050,413,6.77251,489400144057,0.51449,0.61534,6.32944,0.44307,17,1,0.46300,0.56384,1,0.00000,0.88095,0,,0.31457,0.55501,10.40225,1.04597,1,0.66136,0.54849,10.27826,1.04283,1,
3,crosshairs_1680x1050,428,7.01849,489401006835,0.47848,0.61347,6.78881,0.22968,18,1,0.47594,0.53888,1,0.00000,0.88095,0,,0.31447,0.55645,11.32537,1.01793,1,0.66077,0.54932,10.89889,1.01941,1,
12,crosshairs_1680x1050,13,0.21381,489401814676,0.47511,0.59771,0.00000,0.21381,1,1,0.44192,0.54578,1,0.00000,0.88095,0,,0.31295,0.55631,11.61176,1.00837,1,0.66011,0.54840,10.43848,1.00985,1,
12,crosshairs_1680x1050,44,0.72285,489403600143,0.49210,0.56262,0.23019,0.49266,2,1,0.50010,0.59537,1,0.00000,0.88095,0,,0.31288,0.55527,11.08004,1.00848,1,0.65993,0.54671,10.41535,1.01007,1,
12,crosshairs_1680x1050,78,1.28131,489405558981,0.50249,0.55674,0.73955,0.54176,3,1,0.50788,0.53543,1,0.00000,0.88095,0,,0.31143,0.55915,11.54017,1.00407,1,0.65933,0.55077,11.23111,1.00093,1,
12,crosshairs_1680x1050,123,2.02595,489408170812,0.49223,0.51685,1.29800,0.72795,4,1,0.48235,0.53736,1,0.00000,0.88095,0,,0.31198,0.56091,10.33135,1.03684,1,0.65960,0.55395,10.44783,1.03843,1,
12,crosshairs_1680x1050,150,2.46432,489409708410,0.49535,0.52528,2.03738,0.42693,5,1,0.47130,0.48048,1,0.00000,0.88095,0,,0.31143,0.56225,11.20609,1.01761,1,0.65949,0.55427,11.28861,1.01448,1,
12,Butterfly5_eye_n_CBAD_1680x1050,185,3.03911,489411724521,0.49752,0.53829,2.48077,0.55833,6,1,0.48241,0.66708,1,0.00000,0.88095,0,,0.31181,0.56335,10.70690,1.00880,1,0.65998,0.55536,10.43494,1.01500,1,
12,Butterfly5_eye_n_CBAD_1680x1050,185,3.03911,489411724521,0.49752,0.53829,2.48077,0.55833,6,1,0.48241,0.66708,1,0.00000,0.88095,0,,0.31181,0.56335,10.70690,1.00880,1,0.65998,0.55536,10.43494,1.01500,1,
21,Butterfly5_eye_n_CBAD_1680x1050,25,0.41102,489413224513,0.50689,0.59339,0.00000,0.41103,2,1,0.47879,0.55447,1,0.00000,0.88095,0,,0.31106,0.55912,10.62551,1.01331,1,0.65871,0.55110,10.31594,1.01017,1,
21,Butterfly5_eye_n_CBAD_1680x1050,38,0.62460,489413973712,0.37313,0.49461,0.42757,0.19704,3,1,0.39401,0.46896,1,0.00000,0.88095,0,,0.30548,0.55880,11.76091,1.04146,1,0.65055,0.55032,10.58658,1.04305,1,
21,Butterfly5_eye_n_CBAD_1680x1050,54,0.88731,489414895147,0.28630,0.44021,0.64091,0.24641,4,1,0.26384,0.49497,1,0.00000,0.88095,0,,0.29986,0.55870,11.88063,1.01814,1,0.64714,0.54853,10.54493,1.01963,1,
21,Butterfly5_eye_n_CBAD_1680x1050,81,1.33092,489416451135,0.24175,0.45608,0.90369,0.42724,5,1,0.39817,0.41661,1,0.00000,0.88095,0,,0.30138,0.56131,12.16922,1.00428,1,0.64555,0.54786,10.07237,1.01049,1,
21,Butterfly5_eye_n_CBAD_1680x1050,99,1.62640,489417487545,0.39826,0.37609,1.39654,0.22987,6,1,0.72131,0.42234,1,0.00000,0.88095,0,,0.31832,0.55796,11.18175,1.05252,1,0.66284,0.54933,10.66832,1.05410,1,
21,Butterfly5_eye_n_CBAD_1680x1050,123,2.02679,489418891880,0.75471,0.53154,1.69954,0.32725,7,1,0.82097,0.76572,1,0.00000,0.88095,0,,0.32262,0.57000,11.41510,1.01814,1,0.66769,0.56170,10.31235,1.02435,1,
21,Butterfly5_eye_n_CBAD_1680x1050,153,2.51350,489420599078,0.79613,0.76178,2.08633,0.42716,8,1,0.69104,0.84344,1,0.00000,0.88095,0,,0.32271,0.56965,10.34110,1.05024,1,0.66914,0.56226,10.01454,1.05183,1,
21,Butterfly5_eye_n_CBAD_1680x1050,166,2.72709,489421348229,0.63902,0.71569,2.53001,0.19708,9,1,0.28889,0.66280,1,0.00000,0.88095,0,,0.30323,0.57404,10.70760,1.00901,1,0.66186,0.56306,9.28438,1.01522,0,
21,Butterfly5_eye_n_CBAD_1680x1050,184,3.02274,489422385247,0.27599,0.73821,2.79282,0.22991,10,1,0.29477,0.81103,1,0.00000,0.88095,0,,0.30261,0.57324,10.14684,0.99483,1,0.64949,0.56287,9.07350,0.99631,1,
21,Butterfly5_eye_n_CBAD_1680x1050,198,3.25256,489423191386,0.24369,0.80954,3.03925,0.21333,11,1,0.23940,0.85689,1,0.00000,0.88095,0,,0.30309,0.57525,10.45361,1.03829,1,0.64989,0.56595,9.96713,1.04533,1,
21,Butterfly5_eye_n_CBAD_1680x1050,222,3.64727,489424575768,0.20032,0.81018,3.26907,0.37819,12,1,0.56471,0.73663,1,0.00000,0.88095,0,,0.32223,0.57024,8.94296,1.02707,1,0.66538,0.56368,9.17290,1.02866,1,
21,Butterfly5_eye_n_CBAD_1680x1050,255,4.18937,489426477244,0.70773,0.81113,3.71289,0.47649,13,1,0.66522,0.68589,1,0.00000,0.88095,0,,0.32431,0.56493,11.11606,1.00580,1,0.66861,0.55695,9.91476,1.00266,1,
21,Butterfly5_eye_n_CBAD_1680x1050,278,4.56707,489427802037,0.70705,0.53853,4.25481,0.31225,14,1,0.69851,0.41070,1,0.00000,0.88095,0,,0.32242,0.56082,11.52172,1.05070,1,0.66765,0.55342,11.44216,1.05229,1,
21,Butterfly5_eye_n_CBAD_1680x1050,306,5.02724,489429416125,0.22957,0.37027,4.73208,0.29517,15,1,0.18838,0.47406,1,0.00000,0.88095,0,,0.30041,0.56248,12.30584,1.02739,1,0.64733,0.55314,11.41713,1.02425,1,
21,Butterfly5_eye_n_CBAD_1680x1050,326,5.35573,489430568271,0.19612,0.53821,5.09280,0.26292,16,1,0.23337,0.81205,1,0.00000,0.88095,0,,0.30239,0.57847,12.95845,1.01887,1,0.64724,0.56692,11.98838,1.03053,1,
21,Butterfly5_eye_n_CBAD_1680x1050,355,5.83194,489432238614,0.16692,0.81515,5.42133,0.41061,17,1,0.14987,0.84061,1,0.00000,0.88095,0,,0.29939,0.57796,11.97812,0.98527,1,0.64522,0.56661,12.19346,0.98675,1,
21,Butterfly5_eye_n_CBAD_1680x1050,368,6.04554,489432987819,0.18312,0.62920,5.84837,0.19716,18,1,0.16310,0.49607,1,0.00000,0.88095,0,,0.29926,0.56440,11.99722,1.03684,1,0.64559,0.55324,10.92581,1.04305,1,
21,Butterfly5_eye_n_CBAD_1680x1050,389,6.39577,489434216287,0.21481,0.48587,6.06562,0.33016,19,1,0.67934,0.45281,1,0.00000,0.88095,0,,0.31885,0.56008,11.75082,1.05283,1,0.66356,0.55022,10.45974,1.04909,1,
21,Butterfly5_eye_n_CBAD_1680x1050,411,6.75193,489435465504,0.66301,0.41122,6.45649,0.29545,20,1,0.43283,0.25132,1,0.00000,0.88095,0,,0.31130,0.55477,10.41677,1.03684,1,0.65672,0.54663,10.03517,1.03843,1,
21,whitescreen_1680x1050,432,7.09708,489436676189,0.27055,0.39200,6.81801,0.27908,21,1,0.29061,0.53108,1,0.00000,0.88095,0,,0.30283,0.55968,12.68303,1.01814,1,0.64920,0.54917,11.40987,1.02435,1,
21,whitescreen_1680x1050,432,7.09708,489436676189,0.27055,0.39200,6.81801,0.27908,21,1,0.29061,0.53108,1,0.00000,0.88095,0,,0.30283,0.55968,12.68303,1.01814,1,0.64920,0.54917,11.40987,1.02435,1,
4,whitescreen_1680x1050,24,0.39408,489438116322,0.31697,0.44619,0.00000,0.39408,2,1,0.31661,0.50701,1,0.00000,0.88095,0,,0.30274,0.56390,12.52235,1.00375,1,0.64861,0.55376,12.11844,1.00534,1,
4,whitescreen_1680x1050,51,0.83786,489439672915,0.25376,0.72099,0.45983,0.37804,3,1,0.37448,0.60285,1,0.00000,0.88095,0,,0.30760,0.56658,11.79634,1.03190,1,0.65376,0.55773,10.27030,1.02876,1,
4,whitescreen_1680x1050,71,1.16613,489440824342,0.44332,0.61800,0.90344,0.26270,4,1,0.54568,0.56613,1,0.00000,0.88095,0,,0.31276,0.56376,11.22141,1.01761,1,0.65951,0.55468,10.69698,1.01448,1,
4,whitescreen_1680x1050,89,1.46752,489441881448,0.53087,0.52296,1.18273,0.28479,5,1,0.51192,0.49659,1,0.00000,0.88095,0,,0.31357,0.55915,10.95573,1.01447,1,0.66007,0.55110,10.43285,1.01999,1,
4,whitescreen_1680x1050,104,1.70831,489442726020,0.56788,0.58437,1.47832,0.22998,6,1,0.69780,0.69158,1,0.00000,0.88095,0,,0.32266,0.56238,11.02347,1.02739,1,0.66855,0.55458,11.04512,1.02425,1,
4,whitescreen_1680x1050,121,1.98771,489443706043,0.64628,0.65028,1.77417,0.21353,7,1,0.35695,0.61711,1,0.00000,0.88095,0,,0.30910,0.56423,11.24927,1.02505,1,0.65602,0.55471,9.95843,1.02653,1,
4,whitescreen_1680x1050,143,2.34900,489444973268,0.34805,0.64311,2.05346,0.29554,8,1,0.28154,0.71028,1,0.00000,0.88095,0,,0.30220,0.56655,10.78594,0.98989,1,0.64895,0.55554,10.21702,0.98675,1,
4,whitescreen_1680x1050,167,2.74347,489446356927,0.28649,0.67869,2.36543,0.37805,9,1,0.31155,0.63051,1,0.00000,0.88095,0,,0.30341,0.56631,10.72394,0.99010,1,0.64977,0.55596,9.73343,0.99631,1,
4,whitescreen_1680x1050,206,3.38409,489448603853,0.22753,0.74617,2.80924,0.57484,10,1,0.22557,0.77024,1,0.00000,0.88095,0,,0.30127,0.56979,11.21676,1.03010,1,0.64870,0.55943,10.24803,1.03630,1,
4,whitescreen_1680x1050,244,4.00829,489450793252,0.22684,0.75821,3.40057,0.60770,11,1,0.20255,0.81355,0,0.00000,0.88095,0,,0.30443,0.56610,8.53321,1.02137,0,0.65091,0.55235,8.82642,1.03303,0,
4,whitescreen_1680x1050,362,5.94678,489457592656,0.27215,0.66792,4.27116,1.67564,12,1,0.36969,0.60240,1,0.00000,0.88095,0,,0.30692,0.56158,12.47633,1.03773,1,0.65437,0.55218,11.32754,1.02926,1,
4,whitescreen_1680x1050,407,6.68633,489460186611,0.39397,0.58208,6.01263,0.67369,13,1,0.41861,0.66074,1,0.00000,0.88095,0,,0.30967,0.56454,10.74463,1.01352,1,0.65756,0.55611,10.26660,1.01511,1,
4,crosshairs_1680x1050,428,7.03357,489461404606,0.42611,0.66024,6.70694,0.32663,14,1,0.47447,0.58505,1,0.00000,0.88095,0,,0.31188,0.56365,9.93705,1.01352,1,0.65956,0.55647,9.72645,1.01038,1,
13,crosshairs_1680x1050,15,0.24621,489462317681,0.43827,0.65679,0.00000,0.24620,1,1,0.50092,0.61109,1,0.00000,0.88095,0,,0.31495,0.56218,10.44826,0.99945,1,0.66163,0.55506,9.58083,1.00093,1,
13,crosshairs_1680x1050,39,0.64212,489463706357,0.50089,0.63820,0.26291,0.37921,2,1,0.49494,0.59943,1,0.00000,0.88095,0,,0.31389,0.56443,9.32374,1.01804,1,0.66073,0.55607,9.19732,1.01963,1,
13,crosshairs_1680x1050,65,1.06802,489465200234,0.48396,0.61494,0.65713,0.41090,3,1,0.45275,0.62836,1,0.00000,0.88095,0,,0.31374,0.56572,8.52399,1.01373,1,0.66105,0.55716,8.04010,1.01994,1,
13,crosshairs_1680x1050,117,1.92227,489468196498,0.47796,0.66050,1.42887,0.49339,4,1,0.46071,0.59900,0,0.00000,0.88095,0,,0.31339,0.56469,7.66220,1.03222,0,0.66151,0.55261,7.63444,1.03843,0,
13,crosshairs_1680x1050,155,2.54618,489470384927,0.48444,0.57342,2.18481,0.36137,5,1,0.50614,0.53854,1,0.00000,0.88095,0,,0.31295,0.55919,9.85850,1.03179,1,0.66023,0.54836,9.68754,1.02866,1,
13,Butterfly4_vib_p_DBEC_1680x1050,187,3.07192,489472228988,0.51025,0.56792,2.56268,0.50924,6,1,0.52775,0.53960,1,0.00000,0.88095,0,,0.31048,0.56004,11.18775,1.02234,1,0.65679,0.54811,10.44763,1.02393,1,
20,Butterfly4_vib_p_DBEC_1680x1050,5,0.08265,489472576338,0.50930,0.56019,0.00000,0.08264,1,1,0.49612,0.54020,1,0.00000,0.88095,0,,0.31114,0.55970,11.09377,1.03179,1,0.65751,0.54779,9.75139,1.02866,1,
20,Butterfly4_vib_p_DBEC_1680x1050,25,0.41090,489473727656,0.48619,0.51952,0.09837,0.31252,2,1,0.36682,0.38753,1,0.00000,0.88095,0,,0.30541,0.55784,11.52654,1.03684,1,0.65160,0.54768,11.02648,1.03843,1,
20,Butterfly4_vib_p_DBEC_1680x1050,55,0.90374,489475456321,0.26986,0.47859,0.47688,0.42684,3,1,0.22143,0.35950,1,0.00000,0.88095,0,,0.30276,0.55892,11.36570,1.05320,1,0.64883,0.54892,11.21858,1.05006,1,
20,Butterfly4_vib_p_DBEC_1680x1050,86,1.41288,489477242153,0.23144,0.46579,0.92016,0.49272,4,1,0.28796,0.45446,1,0.00000,0.88095,0,,0.30416,0.55572,12.13414,1.01793,1,0.64926,0.54398,11.48511,1.01479,1,
20,Butterfly4_vib_p_DBEC_1680x1050,105,1.72498,489478336847,0.30945,0.37994,1.42947,0.29551,5,1,0.51856,0.28056,1,0.00000,0.88095,0,,0.31713,0.54534,12.44622,1.04146,1,0.66186,0.53403,8.64176,1.04767,1,
20,Butterfly4_vib_p_DBEC_1680x1050,138,2.26711,489480238384,0.74810,0.40669,1.79089,0.47620,6,1,0.74500,0.86929,1,0.00000,0.88095,0,,0.32527,0.56133,11.40558,1.02828,1,0.66972,0.55051,12.09613,1.01981,1,
20,Butterfly4_vib_p_DBEC_1680x1050,169,2.77666,489482025702,0.75394,0.81337,2.33276,0.44390,7,1,0.78821,0.62732,1,0.00000,0.88095,0,,0.32521,0.55998,11.20066,1.01793,1,0.67008,0.54958,10.56772,1.01479,1,
20,Butterfly4_vib_p_DBEC_1680x1050,195,3.20377,489483523785,0.73724,0.44405,2.84211,0.36167,8,1,0.71603,0.32369,1,0.00000,0.88095,0,,0.32373,0.55884,11.51605,1.05070,1,0.66949,0.54992,11.69158,1.05229,1,
20,Butterfly4_vib_p_DBEC_1680x1050,215,3.53244,489484676611,0.67046,0.35029,3.22015,0.31229,9,1,0.63654,0.34147,1,0.00000,0.88095,0,,0.32100,0.55807,11.75694,0.99451,1,0.66649,0.54948,11.78784,0.99599,1,
20,Butterfly4_vib_p_DBEC_1680x1050,228,3.74606,489485425892,0.50181,0.52775,3.54879,0.19727,10,1,0.27418,0.75545,1,0.00000,0.88095,0,,0.30744,0.56984,12.21642,1.02298,1,0.65308,0.55922,11.86874,1.02456,1,
20,Butterfly4_vib_p_DBEC_1680x1050,251,4.12344,489486749571,0.24210,0.78173,3.81133,0.31211,11,1,0.23200,0.82028,1,0.00000,0.88095,0,,0.30802,0.57051,12.02484,1.02811,1,0.65354,0.56021,11.56533,1.03515,1,
20,Butterfly4_vib_p_DBEC_1680x1050,272,4.46863,489487960330,0.20583,0.79138,4.13982,0.32880,12,1,0.63542,0.55581,1,0.00000,0.88095,0,,0.32737,0.55373,10.31203,1.01793,1,0.67150,0.54717,10.01225,1.01479,1,
20,Butterfly4_vib_p_DBEC_1680x1050,295,4.84689,489489287106,0.73673,0.47310,4.54379,0.30311,13,1,0.75041,0.32414,1,0.00000,0.88095,0,,0.32959,0.55273,10.17338,1.00563,1,0.67648,0.54217,9.27628,1.00722,1,
20,Butterfly4_vib_p_DBEC_1680x1050,313,5.14243,489490323685,0.70873,0.36291,4.91206,0.23035,14,1,0.38700,0.37878,1,0.00000,0.88095,0,,0.31007,0.55574,10.96209,1.01939,1,0.65515,0.54667,10.08447,1.01625,1,
20,Butterfly4_vib_p_DBEC_1680x1050,338,5.55283,489491763226,0.24989,0.45191,5.20797,0.34487,15,1,0.27009,0.45302,1,0.00000,0.88095,0,,0.30804,0.55725,12.30590,1.05070,1,0.65257,0.54876,11.31379,1.05229,1,
20,Butterfly4_vib_p_DBEC_1680x1050,361,5.93068,489493088524,0.75076,0.42422,5.66785,0.26283,16,1,0.72161,0.49389,1,0.00000,0.88095,0,,0.33070,0.55523,12.64776,1.06670,1,0.67588,0.54919,10.98766,1.06828,1,
20,Butterfly4_vib_p_DBEC_1680x1050,374,6.14433,489493837940,0.77039,0.60202,5.94735,0.19699,17,1,0.78387,0.74807,1,0.00000,0.88095,0,,0.33187,0.56634,12.04222,1.01761,1,0.67610,0.55924,10.74743,1.01448,1,
20,Butterfly4_vib_p_DBEC_1680x1050,406,6.67020,489495682414,0.73925,0.79999,6.20995,0.46025,18,1,0.66821,0.82367,1,0.00000,0.88095,0,,0.32089,0.56087,10.71398,1.03673,1,0.66447,0.55334,11.62208,1.04294,1,
20,whitescreen_1680x1050,428,7.03135,489496949134,0.24906,0.36107,6.73555,0.29580,19,1,0.30756,0.35208,1,0.00000,0.88095,0,,0.31319,0.55473,11.68806,1.02760,1,0.65836,0.54780,10.92392,1.03380,1,
5,whitescreen_1680x1050,4,0.06131,489497237466,0.25740,0.36133,0.00000,0.06133,1,1,0.27687,0.34033,1,0.00000,0.88095,0,,0.31215,0.55444,12.22526,1.03684,1,0.65782,0.54754,10.69006,1.03370,1,
5,whitescreen_1680x1050,30,0.48831,489498735158,0.76520,0.31996,0.17641,0.31190,2,1,0.76556,0.19900,1,0.00000,0.88095,0,,0.33182,0.54903,11.81032,1.05070,1,0.67696,0.54300,11.41445,1.05229,1,
5,whitescreen_1680x1050,45,0.73500,489499600416,0.75754,0.36769,0.50481,0.23019,3,1,0.76675,0.51459,1,0.00000,0.88095,0,,0.33253,0.54997,11.03213,1.03179,1,0.67747,0.54360,10.68134,1.02866,1,
5,whitescreen_1680x1050,63,1.03062,489500637334,0.59949,0.49305,0.80064,0.22999,4,1,0.42683,0.59866,1,0.00000,0.88095,0,,0.32065,0.55761,11.14788,1.04125,1,0.66641,0.55170,10.07747,1.03811,1,
5,whitescreen_1680x1050,80,1.31175,489501623410,0.53813,0.50901,1.09618,0.21558,5,1,0.74286,0.39264,1,0.00000,0.88095,0,,0.32991,0.54997,11.70983,1.02234,1,0.67523,0.54560,11.04982,1.02393,1,
5,whitescreen_1680x1050,104,1.70422,489502999986,0.71952,0.32715,1.37571,0.32851,6,1,0.59178,0.60491,1,0.00000,0.88095,0,,0.32321,0.55369,11.73946,1.02411,1,0.66966,0.54826,11.55443,1.02570,1,
5,whitescreen_1680x1050,125,2.04939,489504210686,0.54017,0.51309,1.77016,0.27924,7,1,0.49356,0.65104,1,0.00000,0.88095,0,,0.31820,0.55137,11.06465,1.03211,1,0.66567,0.54406,10.90798,1.02897,1,
5,whitescreen_1680x1050,166,2.73260,489506607109,0.49575,0.58917,2.06577,0.66684,8,1,0.52119,0.61317,0,0.00000,0.88095,0,,0.31624,0.56530,7.49601,1.03222,0,0.66693,0.55306,10.75546,1.03380,0,
5,whitescreen_1680x1050,216,3.54404,489509453209,0.43551,0.56519,2.98542,0.55861,9,1,0.33412,0.68251,1,0.00000,0.88095,0,,0.30944,0.56420,12.13498,0.99451,1,0.65719,0.55639,10.97300,0.99599,1,
5,whitescreen_1680x1050,255,4.18466,489511700257,0.32250,0.65467,3.61192,0.57275,10,1,0.34393,0.65957,1,0.00000,0.88095,0,,0.30895,0.56353,11.36828,0.98989,1,0.65730,0.55693,10.98777,0.98675,1,
5,whitescreen_1680x1050,304,4.99002,489514525060,0.31888,0.64375,4.20116,0.78886,11,1,0.34451,0.57845,1,0.00000,0.88095,0,,0.31359,0.55952,11.47991,1.01331,1,0.66106,0.55374,11.04698,1.01479,1,
5,whitescreen_1680x1050,328,5.38403,489515907089,0.35609,0.58221,5.00633,0.37770,12,1,0.37323,0.54550,1,0.00000,0.88095,0,,0.31083,0.56156,12.44800,1.02349,1,0.65837,0.55452,11.56681,1.02970,1,
5,whitescreen_1680x1050,355,5.82788,489517463903,0.35483,0.54120,5.40041,0.42747,13,1,0.35339,0.57940,1,0.00000,0.88095,0,,0.31073,0.56202,11.87829,1.02298,1,0.65841,0.55529,11.07966,1.02456,1,
5,whitescreen_1680x1050,377,6.18925,489518731436,0.36030,0.61241,5.84476,0.34450,14,1,0.40568,0.70074,1,0.00000,0.88095,0,,0.31074,0.56349,12.10759,1.03179,1,0.65835,0.55612,10.86702,1.02866,1,
5,whitescreen_1680x1050,387,6.35331,489519306853,0.23792,0.60057,6.20573,0.14758,15,1,-0.47027,0.37571,0,0.00000,0.88095,0,,0.28223,0.54566,10.59237,1.01352,0,0.65868,0.55631,9.55447,1.01511,0,
5,crosshairs_1680x1050,430,7.05976,489521784768,0.42208,0.52164,6.66534,0.39442,16,1,0.41975,0.54575,1,0.00000,0.88095,0,,0.31472,0.55927,10.80695,1.05070,1,0.66298,0.55508,10.52608,1.05229,1,
14,crosshairs_1680x1050,16,0.26263,489522763358,0.42122,0.53588,0.00000,0.26262,1,1,0.40496,0.61034,1,0.00000,0.88095,0,,0.31463,0.55880,11.18186,1.04125,1,0.66308,0.55429,10.54369,1.03811,1,
14,crosshairs_1680x1050,36,0.59132,489523916294,0.45233,0.53836,0.27924,0.31209,2,1,0.48536,0.60335,1,0.00000,0.88095,0,,0.31954,0.55613,11.48558,1.03652,1,0.66695,0.55255,10.69456,1.03811,1,
14,crosshairs_1680x1050,56,0.91982,489525068492,0.47888,0.60214,0.60776,0.31206,3,1,0.46857,0.55734,1,0.00000,0.88095,0,,0.32047,0.55659,10.81156,1.01373,1,0.66793,0.55238,9.89887,1.01522,1,
14,crosshairs_1680x1050,77,1.26487,489526278772,0.48491,0.57721,0.93673,0.32814,4,1,0.51606,0.57010,0,0.00000,0.88095,0,,0.31879,0.55850,10.39541,1.02717,0,0.66777,0.55406,10.44842,1.02866,0,
14,crosshairs_1680x1050,135,2.21791,489529621591,0.50168,0.57965,1.57700,0.64091,5,1,0.48816,0.66471,1,0.00000,0.88095,0,,0.31794,0.56254,10.21563,1.00869,1,0.66492,0.55875,9.16455,1.00555,1,
14,crosshairs_1680x1050,154,2.53481,489530733156,0.50750,0.65176,2.23441,0.30040,6,1,0.50563,0.64852,1,0.00000,0.88095,0,,0.31742,0.56242,9.70904,1.05070,1,0.66495,0.55872,8.73983,1.05229,1,
14,crosshairs_1680x1050,174,2.85928,489531871222,0.49627,0.61702,2.54639,0.31288,7,1,0.49244,0.50111,1,0.00000,0.88095,0,,0.31833,0.56143,9.57765,1.07252,1,0.66516,0.55673,8.43108,1.07956,1,
14,Butterfly7_eye_p_EDCB_1680x1050,183,3.00649,489532387555,0.49422,0.57752,2.87486,0.13163,8,1,0.49664,0.62110,1,0.00000,0.88095,0,,0.31808,0.56125,9.65722,1.03684,1,0.66545,0.55730,8.45605,1.03843,1,
23,Butterfly7_eye_p_EDCB_1680x1050,17,0.27902,489533423896,0.48770,0.55639,0.00000,0.27903,1,1,0.50699,0.52136,1,0.00000,0.88095,0,,0.31709,0.56019,9.37582,1.05070,1,0.66443,0.55453,7.64924,1.05229,1,
23,Butterfly7_eye_p_EDCB_1680x1050,32,0.52576,489534289320,0.44012,0.54649,0.29559,0.23016,2,1,0.34660,0.55806,1,0.00000,0.88095,0,,0.30962,0.55688,11.73623,1.07252,1,0.65610,0.55056,9.42955,1.07956,1,
23,Butterfly7_eye_p_EDCB_1680x1050,48,0.78878,489535211893,0.31818,0.43174,0.54193,0.24685,3,1,0.29725,0.39580,1,0.00000,0.88095,0,,0.30892,0.55613,10.38758,1.05070,1,0.65582,0.55024,9.44753,1.05229,1,
23,Butterfly7_eye_p_EDCB_1680x1050,63,1.04312,489536104021,0.36397,0.44757,0.80515,0.23798,4,1,0.68479,0.53567,1,0.00000,0.88095,0,,0.32633,0.55391,10.49240,1.04816,1,0.67211,0.55027,10.22208,1.04502,1,
23,Butterfly7_eye_p_EDCB_1680x1050,84,1.37988,489537285206,0.73303,0.45085,1.10091,0.27898,5,1,0.72913,0.44252,1,0.00000,0.88095,0,,0.32449,0.55604,11.24250,1.05070,1,0.67124,0.55114,11.00689,1.05229,1,
23,Butterfly7_eye_p_EDCB_1680x1050,98,1.60979,489538091602,0.75459,0.50844,1.39603,0.21375,6,1,0.75494,0.58004,1,0.00000,0.88095,0,,0.32774,0.56016,11.24445,1.00901,1,0.67347,0.55665,10.64584,1.01049,1,
23,Butterfly7_eye_p_EDCB_1680x1050,120,1.97128,489539359562,0.77458,0.48984,1.62609,0.34518,7,1,0.87285,0.25555,1,0.00000,0.88095,0,,0.32707,0.55253,11.16932,1.04146,1,0.67369,0.54718,9.36308,1.04767,1,
23,Butterfly7_eye_p_EDCB_1680x1050,145,2.38190,489540799826,0.29637,0.37017,2.08620,0.29570,8,1,0.27835,0.33731,1,0.00000,0.88095,0,,0.30799,0.55663,11.56184,1.07880,1,0.65387,0.54948,10.19373,1.08501,1,
23,Butterfly7_eye_p_EDCB_1680x1050,168,2.75996,489542125915,0.24711,0.75286,2.49674,0.26322,9,1,0.23785,0.85312,1,0.00000,0.88095,0,,0.30767,0.57107,10.87769,1.00397,1,0.65399,0.56508,10.77353,1.01017,1,
23,Butterfly7_eye_p_EDCB_1680x1050,189,3.10481,489543335470,0.18524,0.77760,2.77634,0.32848,10,1,0.18856,0.80867,1,0.00000,0.88095,0,,0.30518,0.57238,11.37272,1.00428,1,0.65158,0.56590,10.60263,1.00576,1,
23,Butterfly7_eye_p_EDCB_1680x1050,222,3.64719,489545237839,0.70506,0.84212,3.22672,0.42046,11,1,0.72282,0.68497,1,0.00000,0.88095,0,,0.33280,0.55802,10.16210,1.04125,1,0.67705,0.55592,9.50226,1.04284,1,
23,Butterfly7_eye_p_EDCB_1680x1050,246,4.04150,489546620922,0.70503,0.51822,3.77187,0.26963,12,1,0.67985,0.52205,1,0.00000,0.88095,0,,0.33092,0.55533,10.69238,1.03652,1,0.67634,0.55365,9.96391,1.03811,1,
23,Butterfly7_eye_p_EDCB_1680x1050,262,4.30405,489547541815,0.29026,0.35261,4.25508,0.04896,13,1,0.27414,0.37744,1,0.00000,0.88095,0,,0.31211,0.55682,11.94876,1.01804,1,0.65604,0.55171,10.75949,1.01490,1,
23,Butterfly7_eye_p_EDCB_1680x1050,293,4.81361,489549329138,0.23398,0.45467,4.32388,0.48972,14,1,0.64770,0.81474,1,0.00000,0.88095,0,,0.33154,0.56692,12.38636,1.03866,1,0.67372,0.56470,10.55771,1.03491,1,
23,Butterfly7_eye_p_EDCB_1680x1050,330,5.42117,489551460199,0.72104,0.79431,4.87914,0.54204,15,1,0.79109,0.83540,1,0.00000,0.88095,0,,0.33298,0.56976,11.93543,1.03652,1,0.67794,0.56908,10.93005,1.03811,1,
23,Butterfly7_eye_p_EDCB_1680x1050,347,5.70055,489552440150,0.73808,0.83011,5.43753,0.26302,16,1,0.42983,0.78206,1,0.00000,0.88095,0,,0.32396,0.56808,11.70810,1.00848,1,0.66844,0.56558,11.50812,1.01469,1,
23,Butterfly7_eye_p_EDCB_1680x1050,372,6.11111,489553880195,0.27959,0.78013,5.76599,0.34512,17,1,0.26987,0.78417,1,0.00000,0.88095,0,,0.32046,0.56648,11.27417,1.01783,1,0.66512,0.56529,11.21032,1.01931,1,
23,Butterfly7_eye_p_EDCB_1680x1050,376,6.17683,489554110691,0.31414,0.75522,6.12748,0.04934,18,1,0.33060,0.72591,1,0.00000,0.88095,0,,0.33177,0.56413,11.74288,1.04816,1,0.67671,0.56413,10.52519,1.04975,1,
23,Butterfly7_eye_p_EDCB_1680x1050,407,6.68611,489555897013,0.73162,0.78614,6.24261,0.44350,19,1,0.77037,0.68045,1,0.00000,0.88095,0,,0.33821,0.56077,11.90174,1.04719,1,0.68267,0.56239,11.37456,1.04877,1,
23,Butterfly7_eye_p_EDCB_1680x1050,424,6.96539,489556876628,0.78959,0.49242,6.75185,0.21354,20,1,0.78430,0.32102,1,0.00000,0.88095,0,,0.33923,0.55176,12.15213,1.05070,1,0.68291,0.55327,11.56477,1.04343,1,
23,whitescreen_1680x1050,433,7.11338,489557395693,0.79226,0.38246,6.98190,0.13148,21,1,0.80881,0.34905,1,0.00000,0.88095,0,,0.33899,0.55127,11.76429,1.04184,1,0.68383,0.55269,11.31338,1.03870,1,
6,whitescreen_1680x1050,11,0.18077,489558087215,0.78183,0.40133,0.00000,0.18077,1,1,0.77400,0.39536,1,0.00000,0.88095,0,,0.33698,0.55210,11.84241,1.05312,1,0.68169,0.55435,10.66347,1.04465,1,
6,whitescreen_1680x1050,30,0.49273,489559181422,0.69737,0.68800,0.24630,0.24644,2,1,0.73623,0.75104,1,0.00000,0.88095,0,,0.33775,0.56132,11.39765,1.03674,1,0.68264,0.56265,11.08925,1.03360,1,
6,whitescreen_1680x1050,43,0.70632,489559930589,0.75383,0.59979,0.50923,0.19709,3,1,0.79029,0.44958,1,0.00000,0.88095,0,,0.33914,0.54603,10.66654,1.04743,1,0.68370,0.54640,10.80822,1.04902,1,
6,whitescreen_1680x1050,60,0.98594,489560911391,0.65423,0.37176,0.77216,0.21380,4,1,0.24946,0.40071,1,0.00000,0.88095,0,,0.31938,0.55104,10.69087,1.04905,1,0.66442,0.55073,10.49566,1.05076,1,
6,whitescreen_1680x1050,77,1.26490,489561889821,0.24949,0.32400,1.05151,0.21339,5,1,0.25008,0.31987,1,0.00000,0.88095,0,,0.31555,0.54855,11.12184,1.03902,1,0.66132,0.54789,11.18039,1.04061,1,
6,whitescreen_1680x1050,90,1.47845,489562638878,0.37636,0.42373,1.28146,0.19699,6,1,0.67697,0.81394,1,0.00000,0.88095,0,,0.33314,0.56461,11.46553,1.00901,1,0.67686,0.56394,11.06699,1.01049,1,
6,whitescreen_1680x1050,137,2.25052,489565346922,0.67933,0.80058,1.54456,0.70596,7,1,0.60888,0.77941,1,0.00000,0.88095,0,,0.32222,0.56497,11.80376,1.04826,1,0.66820,0.56367,10.52208,1.04985,1,
6,whitescreen_1680x1050,158,2.59558,489566557238,0.26316,0.75576,2.31824,0.27734,8,1,0.39191,0.73026,1,0.00000,0.88095,0,,0.33181,0.56365,11.52212,1.03010,1,0.67716,0.56346,9.98943,1.03631,1,
6,whitescreen_1680x1050,177,2.90773,489567652105,0.52705,0.77208,2.66150,0.24622,9,1,0.34653,0.72750,1,0.00000,0.88095,0,,0.32115,0.56537,11.73258,1.03684,1,0.66809,0.56439,9.76279,1.03843,1,
6,whitescreen_1680x1050,204,3.35131,489569207996,0.33710,0.70592,2.97627,0.37504,10,1,0.33191,0.72223,1,0.00000,0.88095,0,,0.32027,0.56184,12.14453,1.03684,1,0.66774,0.55994,10.43834,1.04305,1,
6,whitescreen_1680x1050,259,4.25484,489572377174,0.31995,0.71177,3.36768,0.88716,11,1,0.27140,0.60725,1,0.00000,0.88095,0,,0.31740,0.56053,12.32770,1.01815,1,0.66549,0.55771,10.95720,1.01963,1,
6,whitescreen_1680x1050,310,5.09283,489575316462,0.30480,0.68192,4.27121,0.82162,12,1,0.20592,0.68424,1,0.00000,0.88095,0,,0.31954,0.56239,12.10106,1.00924,1,0.66614,0.55953,9.76715,1.02090,1,
6,whitescreen_1680x1050,332,5.45404,489576583414,0.23885,0.67366,5.10938,0.34467,13,1,0.27648,0.59316,1,0.00000,0.88095,0,,0.31925,0.56078,12.38392,1.03222,1,0.66661,0.55923,11.66657,1.02908,1,
6,whitescreen_1680x1050,352,5.78299,489577737219,0.28066,0.60771,5.47090,0.31210,14,1,0.25844,0.52994,1,0.00000,0.88095,0,,0.31579,0.55843,11.38438,1.01783,1,0.66281,0.55641,11.57534,1.02404,1,
6,whitescreen_1680x1050,369,6.06189,489578715490,0.32455,0.60792,5.79916,0.26274,15,1,0.37882,0.59995,1,0.00000,0.88095,0,,0.32024,0.55835,11.10108,1.02760,1,0.66760,0.55689,11.07029,1.02919,1,
6,whitescreen_1680x1050,384,6.30840,489579580112,0.43059,0.61947,6.07829,0.23013,16,1,0.48007,0.59476,1,0.00000,0.88095,0,,0.32736,0.55878,10.86068,1.04848,1,0.67473,0.55886,10.39987,1.04996,1,
6,whitescreen_1680x1050,415,6.81767,489581366370,0.49135,0.61696,6.32514,0.49252,17,1,0.46368,0.66411,1,0.00000,0.88095,0,,0.32785,0.55991,10.16356,1.04125,1,0.67566,0.56051,10.31439,1.04284,1,
6,crosshairs_1680x1050,429,7.04771,489582173286,0.49053,0.65360,6.83418,0.21353,18,1,0.51188,0.69040,1,0.00000,0.88095,0,,0.33087,0.56250,10.40238,1.03652,1,0.67809,0.56314,10.34665,1.03811,1,
15,crosshairs_1680x1050,18,0.29575,489583267835,0.49425,0.64203,0.00000,0.29575,1,1,0.50852,0.63515,1,0.00000,0.88095,0,,0.32875,0.56330,9.57303,1.04125,1,0.67635,0.56324,9.24280,1.03811,1,
15,crosshairs_1680x1050,41,0.67380,489584593868,0.48557,0.62621,0.31212,0.36168,2,1,0.45806,0.57703,0,0.00000,0.88095,0,,0.32739,0.56087,9.39791,1.02266,0,0.67527,0.56175,8.99257,1.02887,0,
15,crosshairs_1680x1050,84,1.39637,489587128288,0.50340,0.60203,0.95271,0.44365,3,1,0.49164,0.68403,1,0.00000,0.88095,0,,0.32596,0.56350,9.48490,0.98527,1,0.67327,0.56255,8.46510,0.98213,1,
15,crosshairs_1680x1050,116,1.92219,489588972643,0.49886,0.61331,1.41286,0.50932,4,1,0.50466,0.63815,1,0.00000,0.88095,0,,0.32677,0.56498,9.04594,1.01762,1,0.67384,0.56187,7.77048,1.01448,1,
15,Butterfly2_vib_n_DBCA_1680x1050,183,3.02272,489592832785,0.48189,0.61917,1.93851,1.08421,5,1,0.46925,0.65216,1,0.00000,0.88095,0,,0.32968,0.55759,10.83744,0.99913,1,0.67659,0.55648,9.82969,0.99599,1,
18,Butterfly2_vib_n_DBCA_1680x1050,12,0.19738,489593582541,0.48642,0.61794,0.00000,0.19738,1,1,0.50194,0.60489,1,0.00000,0.88095,0,,0.32771,0.55973,11.25321,1.03652,1,0.67448,0.55718,10.74378,1.03811,1,
18,Butterfly2_vib_n_DBCA_1680x1050,27,0.44387,489594447142,0.47038,0.53121,0.21359,0.23029,2,1,0.32278,0.43733,1,0.00000,0.88095,0,,0.32256,0.55737,11.86841,1.04198,1,0.66860,0.55322,10.85654,1.04902,1,
18,Butterfly2_vib_n_DBCA_1680x1050,47,0.77229,489595599081,0.33368,0.48551,0.51737,0.25492,3,1,0.31804,0.49137,1,0.00000,0.88095,0,,0.32308,0.55711,10.94971,1.08389,1,0.66867,0.55526,10.43071,1.08548,1,
18,Butterfly2_vib_n_DBCA_1680x1050,67,1.10086,489596751576,0.31259,0.53372,0.78907,0.31179,4,1,0.31000,0.53354,1,0.00000,0.88095,0,,0.31823,0.56141,11.29419,1.06161,1,0.66370,0.55687,9.29771,1.06320,1,
18,Butterfly2_vib_n_DBCA_1680x1050,100,1.64298,489598653062,0.66930,0.47157,1.26534,0.37764,5,1,0.70964,0.44956,1,0.00000,0.88095,0,,0.34258,0.55711,8.98839,1.05070,1,0.68703,0.55804,9.04270,1.05229,1,
18,Butterfly2_vib_n_DBCA_1680x1050,116,1.90588,489599575186,0.73966,0.43961,1.65969,0.24619,6,1,0.75443,0.41375,1,0.00000,0.88095,0,,0.34114,0.55854,8.80511,1.00848,1,0.68782,0.55305,6.91934,1.01007,1,
18,Butterfly2_vib_n_DBCA_1680x1050,144,2.37357,489601215592,0.68840,0.76176,2.02098,0.35258,7,1,0.76982,0.75361,0,0.00000,0.88095,0,,0.33943,0.56884,7.06495,1.05070,0,0.68448,0.56761,6.67822,1.05229,0,
18,Butterfly2_vib_n_DBCA_1680x1050,174,2.85878,489602917509,0.31592,0.74485,2.57922,0.27956,8,1,0.29905,0.52523,1,0.00000,0.88095,0,,0.32348,0.55949,8.86907,1.04396,1,0.66819,0.55719,8.10762,1.04555,1,
18,Butterfly2_vib_n_DBCA_1680x1050,201,3.30258,489604474172,0.31345,0.51704,2.92448,0.37811,9,1,0.32547,0.45987,1,0.00000,0.88095,0,,0.32621,0.55465,8.82354,1.05996,1,0.67146,0.55435,6.97029,1.06616,1,
18,Butterfly2_vib_n_DBCA_1680x1050,219,3.59795,489605510152,0.33979,0.49736,3.31873,0.27922,10,1,0.40657,0.56740,1,0.00000,0.88095,0,,0.33264,0.55510,8.88631,1.03684,1,0.67692,0.55447,8.05559,1.04305,1,
18,Butterfly2_vib_n_DBCA_1680x1050,238,3.91010,489606605025,0.35801,0.44115,3.61452,0.29557,11,1,0.23036,0.21911,1,0.00000,0.88095,0,,0.33740,0.55004,7.34388,1.06137,1,0.68210,0.55394,9.28498,1.05762,0,
18,Butterfly2_vib_n_DBCA_1680x1050,259,4.25510,489607815103,0.75646,0.47967,4.02525,0.22984,12,1,0.75534,0.53737,1,0.00000,0.88095,0,,0.34561,0.55671,10.14213,1.04125,1,0.69000,0.55734,10.27051,1.03811,1,
18,Butterfly2_vib_n_DBCA_1680x1050,288,4.73161,489609486527,0.75763,0.80052,4.41966,0.31194,13,1,0.70954,0.56582,1,0.00000,0.88095,0,,0.34383,0.55849,9.77061,1.04848,1,0.68666,0.55802,8.63598,1.04534,1,
18,Butterfly2_vib_n_DBCA_1680x1050,306,5.02722,489610523393,0.73959,0.51849,4.79721,0.23001,14,1,0.73993,0.48846,1,0.00000,0.88095,0,,0.34483,0.55657,9.26386,0.98989,1,0.69058,0.55786,8.94875,0.99137,1,
18,Butterfly2_vib_n_DBCA_1680x1050,320,5.25722,489611330142,0.71023,0.60925,5.04359,0.21362,15,1,0.68430,0.72971,1,0.00000,0.88095,0,,0.34514,0.56838,8.77875,1.05070,1,0.68985,0.56880,8.48025,1.05229,1,
18,Butterfly2_vib_n_DBCA_1680x1050,338,5.55284,489612367020,0.70519,0.83925,5.32291,0.22993,16,1,0.66979,0.47926,1,0.00000,0.88095,0,,0.34360,0.55883,9.28600,1.04436,1,0.68802,0.55949,9.28269,1.04594,1,
18,Butterfly2_vib_n_DBCA_1680x1050,373,6.12779,489614383716,0.66212,0.55223,5.61891,0.50888,17,1,0.67326,0.37721,1,0.00000,0.88095,0,,0.34192,0.55473,10.07963,1.06670,1,0.68755,0.55448,10.30355,1.06829,1,
18,Butterfly2_vib_n_DBCA_1680x1050,388,6.37465,489615249537,0.56127,0.53852,6.14436,0.23029,18,1,0.33802,0.75786,1,0.00000,0.88095,0,,0.32639,0.56697,9.61859,1.00376,1,0.67993,0.55828,7.82101,1.00062,0,
18,Butterfly2_vib_n_DBCA_1680x1050,409,6.71944,489616458902,0.20139,0.85402,6.48936,0.23007,19,1,0.14684,0.87271,1,0.00000,0.88095,0,,0.32250,0.57175,10.66488,1.02707,1,0.66677,0.56909,9.17299,1.02866,1,
18,Butterfly2_vib_n_DBCA_1680x1050,424,6.96777,489617329970,0.14863,0.80017,6.74228,0.22549,20,1,0.21469,0.42450,1,0.00000,0.88095,0,,0.32475,0.55687,11.08102,1.01321,1,0.66828,0.55529,9.70995,1.01480,1,
18,whitescreen_1680x1050,431,7.08054,489617725468,0.22349,0.42828,7.03148,0.04906,21,1,0.21424,0.43501,1,0.00000,0.88095,0,,0.32385,0.55580,11.96395,1.02298,1,0.66781,0.55504,10.17155,1.02457,1,
7,whitescreen_1680x1050,15,0.24663,489618648592,0.22571,0.40354,0.00000,0.24663,1,1,0.68024,0.42021,1,0.00000,0.88095,0,,0.34100,0.55397,10.47391,1.03684,1,0.68497,0.55489,10.99894,1.04305,1,
7,whitescreen_1680x1050,34,0.55876,489619743409,0.70469,0.43644,0.31255,0.24622,2,1,0.74404,0.51258,1,0.00000,0.88095,0,,0.34227,0.55655,9.94305,1.04146,1,0.68709,0.55579,10.51074,1.04767,1,
7,whitescreen_1680x1050,55,0.90353,489620952747,0.35130,0.74976,0.67358,0.22995,3,1,0.22287,0.47066,1,0.00000,0.88095,0,,0.32336,0.55561,10.46032,1.02739,1,0.66833,0.55426,9.43953,1.02898,1,
7,whitescreen_1680x1050,79,1.29787,489622335893,0.26252,0.48104,0.96950,0.32837,4,1,0.28354,0.50303,1,0.00000,0.88095,0,,0.32470,0.53678,11.33682,1.06161,1,0.67120,0.53497,9.95560,1.06865,1,
7,whitescreen_1680x1050,99,1.62663,489623489013,0.24681,0.35189,1.36389,0.26274,5,1,0.22036,0.33955,1,0.00000,0.88095,0,,0.32756,0.54151,11.70545,1.01342,1,0.67525,0.54173,10.28851,1.01501,1,
7,whitescreen_1680x1050,112,1.84012,489624237816,0.45793,0.47837,1.64282,0.19730,6,1,0.75975,0.69107,1,0.00000,0.88095,0,,0.34818,0.55660,11.19957,1.02739,1,0.69482,0.55754,10.15480,1.02425,1,
7,whitescreen_1680x1050,139,2.28362,489625793442,0.76627,0.80741,1.95514,0.32848,7,1,0.73098,0.51538,1,0.00000,0.88095,0,,0.34799,0.55753,10.40588,1.04837,1,0.69440,0.55940,10.47270,1.05458,1,
7,whitescreen_1680x1050,159,2.61241,489626946677,0.69245,0.67514,2.35030,0.26212,8,1,0.67444,0.75562,1,0.00000,0.88095,0,,0.34715,0.55566,10.56121,1.01762,1,0.69344,0.55728,11.15818,1.01448,1,
7,whitescreen_1680x1050,173,2.84207,489627752211,0.53568,0.69004,2.62869,0.21338,9,1,0.30947,0.69406,1,0.00000,0.88095,0,,0.33189,0.56002,11.05026,1.03222,1,0.68688,0.55677,10.39826,1.03843,0,
7,whitescreen_1680x1050,186,3.05588,489628502187,0.29915,0.55176,2.85857,0.19731,10,1,0.23852,0.33761,1,0.00000,0.88095,0,,0.32649,0.54970,11.96255,1.01342,1,0.67226,0.54838,11.38934,1.01501,1,
7,whitescreen_1680x1050,203,3.33508,489629481505,0.22729,0.43005,3.12172,0.21336,11,1,0.20196,0.77244,1,0.00000,0.88095,0,,0.32492,0.56450,11.64033,1.03684,1,0.67031,0.56320,11.17273,1.03370,1,
7,whitescreen_1680x1050,221,3.63091,489630519068,0.29297,0.78665,3.40067,0.23024,12,1,0.56099,0.69128,1,0.00000,0.88095,0,,0.34920,0.56361,12.18788,1.01804,1,0.69435,0.56468,11.21281,1.01952,1,
7,whitescreen_1680x1050,258,4.23871,489632650973,0.78492,0.79230,3.69664,0.54207,13,1,0.75553,0.78905,1,0.00000,0.88095,0,,0.35019,0.56105,12.29071,1.01374,1,0.69760,0.56343,11.89940,1.01995,1,
7,whitescreen_1680x1050,282,4.63309,489634034281,0.73091,0.76194,4.25475,0.37834,14,1,0.53833,0.69770,1,0.00000,0.88095,0,,0.34105,0.56050,12.17899,1.03652,1,0.68813,0.56121,11.33926,1.03811,1,
7,whitescreen_1680x1050,308,5.06021,489635532417,0.28761,0.57047,4.69870,0.36151,15,1,0.38463,0.68048,1,0.00000,0.88095,0,,0.32527,0.55481,11.83212,0.99982,1,0.67318,0.55096,11.10972,1.00141,1,
7,whitescreen_1680x1050,332,5.45421,489636914374,0.49148,0.57226,5.12604,0.32817,16,1,0.64250,0.68660,1,0.00000,0.88095,0,,0.33810,0.55933,12.00278,1.01374,1,0.68647,0.56034,11.48101,1.01995,1,
7,whitescreen_1680x1050,363,5.96353,489638700871,0.64605,0.69966,5.52008,0.44345,17,1,0.71540,0.60440,1,0.00000,0.88095,0,,0.34455,0.56455,11.23276,1.01794,1,0.69286,0.56991,11.01913,1.01942,1,
7,whitescreen_1680x1050,389,6.39099,489640200220,0.70455,0.60055,6.02945,0.36154,18,1,0.67809,0.73333,1,0.00000,0.88095,0,,0.34438,0.56544,11.26041,0.98673,1,0.69369,0.57165,11.33153,0.98821,1,
7,whitescreen_1680x1050,415,6.81795,489641697773,0.71098,0.58743,6.41461,0.40334,19,1,0.61142,0.48039,1,0.00000,0.88095,0,,0.34423,0.56432,11.26975,1.03201,1,0.69355,0.57244,10.92894,1.03349,1,
7,crosshairs_1680x1050,428,7.03119,489642445708,0.57929,0.53563,6.88339,0.14780,20,1,0.57600,0.53534,1,0.00000,0.88095,0,,0.34018,0.56383,11.24302,0.99205,1,0.68934,0.57171,11.05426,0.99826,1,
16,crosshairs_1680x1050,25,0.41093,489643945448,0.57238,0.53454,0.00000,0.41093,1,1,0.50414,0.47612,1,0.00000,0.88095,0,,0.33570,0.56183,11.37048,1.02760,1,0.68401,0.56724,10.60079,1.03381,1,
16,crosshairs_1680x1050,41,0.68097,489644892562,0.49318,0.58353,0.42720,0.25377,2,1,0.47563,0.57197,0,0.00000,0.88095,0,,0.33624,0.56284,10.55567,1.03180,0,0.68537,0.56874,10.27684,1.02866,0,
16,crosshairs_1680x1050,83,1.36363,489647287033,0.52294,0.59590,0.89037,0.47327,3,1,0.48773,0.66175,1,0.00000,0.88095,0,,0.32787,0.56664,10.31763,1.02718,1,0.67683,0.56945,9.90144,1.03339,1,
16,crosshairs_1680x1050,139,2.28348,489650513437,0.50089,0.62903,1.38011,0.90337,4,1,0.47614,0.77646,1,0.00000,0.88095,0,,0.32833,0.56833,10.63179,0.99588,1,0.67661,0.57213,9.47244,1.00141,1,
16,crosshairs_1680x1050,165,2.71072,489652012043,0.48944,0.65904,2.29985,0.41087,5,1,0.46174,0.57459,1,0.00000,0.88095,0,,0.32802,0.56834,10.70007,1.05070,1,0.67717,0.57254,10.51000,1.05229,1,
16,Butterfly8_vib_p_EBDC_1680x1050,184,3.02556,489653116324,0.49766,0.60369,2.72739,0.29817,6,1,0.47711,0.47242,1,0.00000,0.88095,0,,0.32957,0.56672,11.02902,1.03180,1,0.67847,0.57044,10.57922,1.02866,1,
24,Butterfly8_vib_p_EBDC_1680x1050,17,0.27939,489654317563,0.49437,0.63977,0.00000,0.27939,1,1,0.47532,0.53769,1,0.00000,0.88095,0,,0.33113,0.56407,11.27656,1.00428,1,0.67981,0.56855,10.49265,1.00577,1,
24,Butterfly8_vib_p_EBDC_1680x1050,31,0.50908,489655123176,0.40776,0.51543,0.29590,0.21318,2,1,0.24867,0.49927,1,0.00000,0.88095,0,,0.32147,0.56133,11.37607,1.02266,1,0.66946,0.56411,11.05019,1.02425,1,
24,Butterfly8_vib_p_EBDC_1680x1050,50,0.82108,489656217506,0.27755,0.44239,0.57498,0.24609,3,1,0.23856,0.47104,1,0.00000,0.88095,0,,0.31822,0.56448,10.72872,1.00397,1,0.66691,0.56606,10.19663,1.01018,1,
24,Butterfly8_vib_p_EBDC_1680x1050,74,1.21533,489657600424,0.65466,0.49627,0.93651,0.27882,4,1,0.69777,0.43706,1,0.00000,0.88095,0,,0.33982,0.56369,9.93321,1.05070,1,0.68707,0.56840,10.03560,1.05229,1,
24,Butterfly8_vib_p_EBDC_1680x1050,97,1.59340,489658926472,0.71694,0.49414,1.23210,0.36130,5,1,0.81192,0.38364,0,0.00000,0.88095,0,,0.33714,0.56570,8.76363,1.03180,0,0.68604,0.56942,7.48150,1.02866,0,
24,Butterfly8_vib_p_EBDC_1680x1050,123,2.02057,489660424775,0.30971,0.68736,1.80777,0.21280,6,1,0.30350,0.74401,1,0.00000,0.88095,0,,0.31967,0.57963,7.74937,1.05772,1,0.66715,0.58140,7.19916,1.05931,1,
24,Butterfly8_vib_p_EBDC_1680x1050,140,2.30008,489661405178,0.31821,0.80420,2.03719,0.26289,7,1,0.29022,0.80632,1,0.00000,0.88095,0,,0.31983,0.58434,8.60338,1.03361,1,0.66791,0.58511,7.28323,1.03047,1,
24,Butterfly8_vib_p_EBDC_1680x1050,155,2.54631,489662268856,0.34345,0.83625,2.31615,0.23016,8,1,0.68851,0.85085,1,0.00000,0.88095,0,,0.33889,0.58327,7.87921,1.02874,1,0.67975,0.58601,6.02126,1.03022,0,
24,Butterfly8_vib_p_EBDC_1680x1050,218,3.58145,489665899682,0.63232,0.86322,2.66113,0.92032,9,1,0.73050,0.76021,1,0.00000,0.88095,0,,0.34560,0.56923,8.22031,1.01783,1,0.69068,0.58317,6.59228,1.01931,0,
24,Butterfly8_vib_p_EBDC_1680x1050,238,3.90979,489667051322,0.67471,0.56997,3.64705,0.26274,10,1,0.64060,0.54150,1,0.00000,0.88095,0,,0.34216,0.56629,9.65742,1.02828,1,0.68929,0.57103,9.05656,1.02514,1,
24,Butterfly8_vib_p_EBDC_1680x1050,244,4.00822,489667396575,0.67866,0.52988,3.92963,0.07860,11,1,0.75817,0.50115,0,0.00000,0.88095,0,,0.34240,0.56477,9.29286,1.04373,0,0.68966,0.57123,8.27742,1.03112,0,
24,Butterfly8_vib_p_EBDC_1680x1050,290,4.76434,489670048722,0.24363,0.49515,4.22223,0.54211,12,1,0.06889,0.15049,0,0.00000,0.88095,0,,0.32415,0.56856,6.86371,1.02392,0,0.67182,0.57717,8.51298,1.03417,0,
24,Butterfly8_vib_p_EBDC_1680x1050,310,5.09541,489671209922,0.73001,0.88836,4.82962,0.26579,13,1,0.66477,0.91863,1,0.00000,0.88095,0,,0.34304,0.58206,10.54812,1.04598,1,0.68994,0.58752,9.29131,1.04284,1,
24,Butterfly8_vib_p_EBDC_1680x1050,330,5.42113,489672352393,0.66946,0.89305,5.10931,0.31181,14,1,0.60980,0.79226,1,0.00000,0.88095,0,,0.34117,0.57669,9.27943,1.02266,1,0.68819,0.58250,8.91447,1.02425,1,
24,Butterfly8_vib_p_EBDC_1680x1050,349,5.73325,489673447171,0.61627,0.79138,5.43782,0.29543,15,1,0.27495,0.86395,1,0.00000,0.88095,0,,0.32713,0.58193,10.37863,1.04146,1,0.67358,0.58562,9.65451,1.04305,1,
24,Butterfly8_vib_p_EBDC_1680x1050,373,6.12749,489674830002,0.20412,0.84966,5.79924,0.32825,16,1,0.14670,0.76670,1,0.00000,0.88095,0,,0.32319,0.58088,10.74756,1.00869,1,0.66928,0.58349,9.41706,1.01018,1,
24,Butterfly8_vib_p_EBDC_1680x1050,406,6.66977,489676732043,0.22456,0.59436,6.39055,0.27922,17,1,0.17790,0.58261,1,0.00000,0.88095,0,,0.32554,0.56550,11.28491,1.02760,1,0.67286,0.56936,10.67289,1.02919,1,
24,Butterfly8_vib_p_EBDC_1680x1050,424,6.96568,489677769973,0.21739,0.52738,6.68610,0.27959,18,1,0.25081,0.53109,1,0.00000,0.88095,0,,0.32535,0.56392,11.27321,1.05070,1,0.67258,0.56880,10.82501,1.05229,1,
24,whitescreen_1680x1050,428,7.03156,489678001047,0.20211,0.53973,6.98376,0.04779,19,1,0.17139,0.54690,1,0.00000,0.88095,0,,0.32530,0.56429,11.39423,1.06670,1,0.67232,0.56825,10.90669,1.06829,1,
8,whitescreen_1680x1050,23,0.37776,489679382289,0.21329,0.50470,0.00000,0.37776,1,1,0.23244,0.41331,1,0.00000,0.88095,0,,0.32630,0.56462,11.24347,1.01374,1,0.67358,0.56962,9.87650,1.01995,1,
8,whitescreen_1680x1050,44,0.72275,489680592347,0.24157,0.42721,0.39413,0.32861,2,1,0.08803,0.11173,1,0.00000,0.88095,0,,0.32669,0.56083,8.10900,1.05070,1,0.67374,0.56549,7.52835,1.05229,1,
8,whitescreen_1680x1050,65,1.06773,489681802422,0.68999,0.82287,0.83775,0.22998,3,1,0.70375,0.87663,1,0.00000,0.88095,0,,0.34631,0.57765,10.66541,1.02760,1,0.69340,0.58444,9.35152,1.03381,1,
8,whitescreen_1680x1050,88,1.44579,489683128454,0.69476,0.83424,1.08446,0.36133,4,1,0.46198,0.81484,1,0.00000,0.88095,0,,0.33690,0.57388,11.18139,1.01794,1,0.68431,0.57996,9.65687,1.01942,1,
8,whitescreen_1680x1050,104,1.70850,489684049876,0.35303,0.60029,1.51141,0.19708,5,1,0.21387,0.29525,1,0.00000,0.88095,0,,0.32774,0.56219,10.95585,1.03087,1,0.67449,0.56719,10.92756,1.03235,1,
8,whitescreen_1680x1050,122,2.00696,489685096752,0.19751,0.49945,1.77426,0.23270,6,1,0.17472,0.68097,1,0.00000,0.88095,0,,0.32780,0.57234,11.55079,1.03180,1,0.67467,0.57650,11.14279,1.02866,1,
8,whitescreen_1680x1050,159,2.61192,489687218707,0.21273,0.75530,2.07018,0.54175,7,1,0.27597,0.78086,1,0.00000,0.88095,0,,0.32884,0.57307,11.84442,1.00386,1,0.67611,0.57777,11.67744,1.01007,1,
8,whitescreen_1680x1050,188,3.10451,489688946464,0.26930,0.66335,2.67775,0.42676,8,1,0.24992,0.65147,1,0.00000,0.88095,0,,0.32573,0.56773,12.06157,1.01442,1,0.67412,0.57173,10.47064,1.00595,1,
8,whitescreen_1680x1050,209,3.43442,489690103655,0.25926,0.61794,3.10849,0.32593,9,1,0.23419,0.50847,1,0.00000,0.88095,0,,0.32761,0.55499,12.19965,0.99011,1,0.67619,0.56114,11.33369,0.99159,1,
8,whitescreen_1680x1050,225,3.69647,489691022828,0.27209,0.55490,3.44984,0.24663,10,1,0.32535,0.52531,1,0.00000,0.88095,0,,0.33215,0.56026,11.94217,1.03713,1,0.68087,0.56648,10.95591,1.02866,1,
8,whitescreen_1680x1050,242,3.97559,489692001829,0.36132,0.56552,3.71307,0.26251,11,1,0.37149,0.58401,1,0.00000,0.88095,0,,0.33070,0.56105,11.46429,1.04125,1,0.67973,0.56754,11.18253,1.03811,1,
8,whitescreen_1680x1050,272,4.46822,489693729705,0.36025,0.57624,3.99197,0.47624,12,1,0.31430,0.61361,1,0.00000,0.88095,0,,0.32788,0.56251,11.38268,1.02739,1,0.67725,0.56866,11.24901,1.02898,1,
8,whitescreen_1680x1050,307,5.04318,489695746465,0.32706,0.55299,4.48471,0.55847,13,1,0.22508,0.34159,1,0.00000,0.88095,0,,0.32298,0.55944,12.02348,1.06957,1,0.67056,0.56426,11.69470,1.07115,1,
8,whitescreen_1680x1050,388,6.37988,489700434990,0.25609,0.41017,5.10909,1.27080,14,1,0.30042,0.37676,1,0.00000,0.88095,0,,0.30441,0.56105,12.83333,1.02235,1,0.65079,0.55016,12.45135,1.02393,1,
8,whitescreen_1680x1050,402,6.60411,489701221447,0.28855,0.49643,6.39044,0.21367,15,1,0.27748,1.10429,1,0.00000,0.88095,0,,0.31157,0.57445,11.20930,1.02750,1,0.66032,0.56474,12.57702,1.02436,1,
8,whitescreen_1680x1050,435,7.14618,489703122790,0.31974,0.42280,6.71909,0.42709,16,1,0.32038,0.40904,1,0.00000,0.88095,0,,0.31227,0.57035,12.04663,1.04173,1,0.66054,0.56249,12.63212,1.04322,1,