MEDIA_ID,MEDIA_NAME,CNT,TIME(2016/10/04 09:43:23.822),TIMETICK(f=3507578),FPOGX,FPOGY,FPOGS,FPOGD,FPOGID,FPOGV,BPOGX,BPOGY,BPOGV,CX,CY,CS,USER,LPCX,LPCY,LPD,LPS,LPV,RPCX,RPCY,RPD,RPS,RPV
0,image1,0,0,2.76188E+12,0.49535,0.47556,0,0,1,0,0.50274,0.45946,0,0.99226,0.40476,0,,0.10935,0.18919,9.63287,1.10205,0,0.41858,0.19156,6.34212,1.10316,0
0,image1,1,0.01624,2.76188E+12,0,0,0,0,1,0,0.50274,0.45946,0,0.99226,0.40476,0,,0.10935,0.18919,9.63287,1.10778,0,0.41858,0.19156,6.34212,1.10889,0
0,image1,2,0.0323,2.76188E+12,0,0,0,0,1,0,0.50274,0.45946,0,0.99226,0.40476,0,,0.10935,0.18919,9.63287,1.10778,0,0.41858,0.19156,6.34212,1.10889,0
0,image1,3,0.04881,2.76188E+12,0,0,0,0,1,0,0.50274,0.45946,0,0.99226,0.40476,0,,0.10935,0.18919,9.63287,1.10778,0,0.41858,0.19156,6.34212,1.10889,0
0,image1,4,0.06515,2.76188E+12,0,0,0,0,1,0,0.50274,0.45946,0,0.99226,0.40476,0,,0.10935,0.18919,9.63287,1.10778,0,0.41858,0.19156,6.34212,1.10889,0
0,image1,5,0.0814,2.76188E+12,0,0,0,0,1,0,0.50274,0.45946,0,0.99226,0.40476,0,,0.10935,0.18919,9.63287,1.10778,0,0.41858,0.19156,6.34212,1.10889,0
0,image1,6,0.098,2.76188E+12,0,0,0,0,1,0,0.50274,0.45946,0,0.99226,0.40476,0,,0.10935,0.18919,9.63287,1.10778,0,0.41858,0.19156,6.34212,1.10889,0
0,image1,7,0.11439,2.76189E+12,0,0,0,0,1,0,0.50274,0.45946,0,0.99226,0.40476,0,,0.10935,0.18919,9.63287,1.10778,0,0.41858,0.19156,6.34212,1.10889,0
0,image1,8,0.13076,2.76189E+12,0,0,0,0,1,0,0.50274,0.45946,0,0.99226,0.40476,0,,0.10935,0.18919,9.63287,1.10778,0,0.41858,0.19156,6.34212,1.10889,0
0,image1,9,0.14726,2.76189E+12,0,0,0,0,1,0,0.50274,0.45946,0,0.99226,0.40476,0,,0.10935,0.18919,9.63287,1.10778,0,0.41858,0.19156,6.34212,1.10889,0
0,image1,10,0.1637,2.76189E+12,0,0,0,0,1,0,0.50274,0.45946,0,0.99226,0.40476,0,,0.10935,0.18919,9.63287,1.10778,0,0.41858,0.19156,6.34212,1.10889,0
0,image1,11,0.18032,2.76189E+12,0.22285,0.24432,0,0,1,0,0.4457,0.48864,1,0.99226,0.40476,0,,0.11002,0.18717,11.38187,1.10778,1,0.42132,0.18667,9.55158,1.10889,1
0,image1,12,0.19695,2.76189E+12,0.29729,0.32682,0,0,1,0,0.44619,0.4918,1,0.99226,0.40476,0,,0.11021,0.18705,11.59281,1.10214,1,0.42135,0.18682,9.5897,1.10325,1
0,image1,13,0.21327,2.76189E+12,0.45718,0.47258,0,0,1,0,0.47966,0.4373,1,0.99226,0.40476,0,,0.11051,0.18722,11.40839,1.0965,1,0.42113,0.18774,9.72482,1.09761,1
0,image1,14,0.22938,2.76189E+12,0.46589,0.43204,0,0,1,0,0.47461,0.3915,1,0.99226,0.40476,0,,0.11053,0.18719,11.17752,1.09086,1,0.4212,0.18803,9.99084,1.09197,1
0,image1,15,0.24601,2.76189E+12,0.46892,0.41977,0,0,1,0,0.47496,0.39523,1,0.99226,0.40476,0,,0.11044,0.18726,11.60719,1.08521,1,0.4214,0.18775,9.91215,1.08633,1
0,image1,16,0.26244,2.76189E+12,0.46919,0.42433,0.21327,0.04917,2,1,0.47002,0.43802,1,0.99226,0.40476,0,,0.11051,0.18716,11.70958,1.07957,1,0.42135,0.18746,9.55376,1.08068,1
0,image1,17,0.27902,2.76189E+12,0.46776,0.43169,0.21327,0.06576,2,1,0.46205,0.4611,1,0.99226,0.40476,0,,0.11064,0.18699,11.43485,1.07393,1,0.42129,0.18761,9.56575,1.07504,1
0,image1,18,0.29569,2.76189E+12,0.46681,0.43659,0.21327,0.08242,2,1,0.46205,0.4611,1,0.99226,0.40476,0,,0.11062,0.18682,11.44497,1.07393,1,0.42142,0.18779,9.69386,1.07504,1
0,image1,19,0.31159,2.76189E+12,0.47113,0.43528,0.21327,0.09833,2,1,0.49705,0.42742,1,0.99226,0.40476,0,,0.1106,0.18695,11.5967,1.07393,1,0.42164,0.18756,9.6343,1.08068,1
0,image1,20,0.32803,2.76189E+12,0.47419,0.43422,0.21327,0.11476,2,1,0.49557,0.42682,1,0.99226,0.40476,0,,0.11063,0.18705,11.75818,1.07957,1,0.42165,0.18773,9.69882,1.08633,1
0,image1,21,0.3444,2.76189E+12,0.47653,0.433,0.21327,0.13113,2,1,0.4953,0.42323,1,0.99226,0.40476,0,,0.11078,0.18714,11.61296,1.08521,1,0.42188,0.18768,9.82269,1.09197,1
0,image1,22,0.36103,2.76189E+12,0.4751,0.43152,0.21327,0.14776,2,1,0.46217,0.41823,1,0.99226,0.40476,0,,0.11086,0.18741,11.59246,1.09086,1,0.4213,0.1878,9.78808,1.09761,1
0,image1,23,0.37746,2.76189E+12,0.4751,0.42492,0.21327,0.16419,2,1,0.47517,0.35884,1,0.99226,0.40476,0,,0.11046,0.18723,11.77432,1.0965,1,0.42101,0.18748,9.84214,1.10325,1
0,image1,24,0.39411,2.76189E+12,0.47508,0.41909,0.21327,0.18084,2,1,0.47482,0.35498,1,0.99226,0.40476,0,,0.11023,0.1875,11.66495,1.10214,1,0.42101,0.18764,9.90752,1.10889,1
0,image1,25,0.41064,2.76189E+12,0.47383,0.42229,0.21327,0.19737,2,1,0.45884,0.46069,1,0.99226,0.40476,0,,0.1095,0.18704,11.71885,1.10778,1,0.42093,0.18754,9.75449,1.10889,1
0,image1,26,0.42702,2.76189E+12,0.473,0.42032,0.21327,0.21375,2,1,0.46216,0.39473,1,0.99226,0.40476,0,,0.10995,0.18753,12.03576,1.10778,1,0.42099,0.1877,10.02994,1.10889,1
0,image1,27,0.44337,2.76189E+12,0.47229,0.41898,0.21327,0.2301,2,1,0.4624,0.40017,1,0.99226,0.40476,0,,0.11041,0.18737,11.08306,1.10214,1,0.42104,0.18737,9.628,1.09752,1
0,image1,28,0.45976,2.76189E+12,0.47065,0.41943,0.21327,0.24649,2,1,0.44599,0.42625,1,0.99226,0.40476,0,,0.11019,0.18697,11.08245,1.09077,1,0.42109,0.18628,9.24318,1.08615,1
0,image1,29,0.47624,2.76189E+12,0.47079,0.41959,0.21327,0.26297,2,1,0.47317,0.42221,1,0.99226,0.40476,0,,0.11033,0.18736,11.22789,1.0794,1,0.42082,0.18712,9.57597,1.07479,1
0,image1,30,0.49274,2.76189E+12,0.47098,0.42004,0.21327,0.27947,2,1,0.47416,0.4277,1,0.99226,0.40476,0,,0.11008,0.18755,11.3554,1.06803,1,0.42055,0.18668,9.0013,1.06915,1
0,image1,31,0.50946,2.76189E+12,0.4709,0.41833,0.21327,0.29619,2,1,0.46946,0.38743,1,0.99226,0.40476,0,,0.10926,0.18763,10.9346,1.06239,1,0.42002,0.18694,9.16945,1.0635,1
0,image1,32,0.52562,2.76189E+12,0.47065,0.41712,0.21327,0.31235,2,1,0.46581,0.39411,1,0.99226,0.40476,0,,0.10928,0.18771,10.91211,1.05675,1,0.42016,0.18686,8.86256,1.05786,1
0,image1,33,0.54196,2.76189E+12,0.47044,0.4162,0.21327,0.32869,2,1,0.46622,0.39793,1,0.99226,0.40476,0,,0.10895,0.18721,10.83041,1.05111,1,0.42014,0.18675,8.80037,1.05222,1
0,image1,34,0.56082,2.76189E+12,0.46876,0.40659,0.21327,0.34755,2,1,0.43347,0.20482,1,0.99226,0.40476,0,,0.10987,0.18314,12.33728,1.04547,1,0.41923,0.18341,9.21024,1.05222,1
0,image1,35,0.57488,2.76189E+12,0.45795,0.36535,0.21327,0.34755,2,0,0.40892,0.11314,1,0.99226,0.40476,0,,0.11099,0.18165,12.08816,1.0512,1,0.41876,0.18111,9.74991,1.05795,1
0,image1,36,0.5911,2.76189E+12,0.43309,0.23657,0.21327,0.34755,2,0,0.40823,0.1078,1,0.99226,0.40476,0,,0.10933,0.17881,11.11006,1.05692,1,0.41879,0.18126,10.34265,1.06368,1
0,image1,37,0.60777,2.76189E+12,0.42387,0.18937,0.21327,0.34755,2,0,0.40543,0.09495,1,0.99226,0.40476,0,,0.10951,0.18054,11.87225,1.06265,1,0.41853,0.18045,9.71251,1.0694,1
0,image1,38,0.62414,2.76189E+12,0.40647,0.09514,0.21327,0.34755,2,0,0.40575,0.08268,1,0.99226,0.40476,0,,0.10882,0.17997,12.17177,1.06265,1,0.41878,0.18007,9.23755,1.0694,1
0,image1,39,0.64049,2.76189E+12,0.40609,0.09028,0.21327,0.34755,2,0,0.4057,0.08541,1,0.99226,0.40476,0,,0.10841,0.18063,11.86056,1.06265,1,0.41842,0.18075,9.71099,1.06368,1
0,image1,40,0.65702,2.76189E+12,0.40724,0.09789,0.21327,0.34755,2,0,0.40956,0.11311,1,0.99226,0.40476,0,,0.10828,0.18048,11.93192,1.05692,1,0.41842,0.18075,9.71099,1.05795,1
0,image1,41,0.67323,2.76189E+12,0.41026,0.10279,0.62414,0.04909,3,1,0.41929,0.1175,1,0.99226,0.40476,0,,0.10828,0.18048,11.93192,1.0512,1,0.41866,0.18067,9.44335,1.05222,1
0,image1,42,0.68977,2.76189E+12,0.41209,0.1052,0.62414,0.06563,3,1,0.41941,0.11486,1,0.99226,0.40476,0,,0.10863,0.18122,12.2664,1.05111,1,0.41839,0.18099,9.91222,1.05786,1
0,image1,43,0.70626,2.76189E+12,0.41206,0.10374,0.62414,0.08212,3,1,0.41193,0.09644,1,0.99226,0.40476,0,,0.10919,0.17989,11.60664,1.05675,1,0.41975,0.18075,9.71099,1.0635,1
0,image1,44,0.72264,2.76189E+12,0.41041,0.10146,0.62414,0.09851,3,1,0.4005,0.08779,1,0.99226,0.40476,0,,0.10929,0.18008,11.67456,1.06239,1,0.41988,0.18083,9.70805,1.06915,1
0,image1,45,0.73913,2.76189E+12,0.40925,0.10067,0.62414,0.115,3,1,0.4011,0.09509,1,0.99226,0.40476,0,,0.10934,0.18028,11.62348,1.05756,1,0.41974,0.18122,9.72699,1.05858,1
0,image1,46,0.7591,2.76189E+12,0.41013,0.10116,0.62414,0.13496,3,1,0.41722,0.10514,1,0.99226,0.40476,0,,0.10959,0.18005,11.48866,1.047,1,0.42015,0.18124,10.28956,1.04802,1
0,image1,47,0.77201,2.76189E+12,0.41039,0.1008,0.62414,0.14787,3,1,0.41275,0.09753,1,0.99226,0.40476,0,,0.10955,0.1798,11.15507,1.04216,1,0.42006,0.18164,10.53073,1.04319,1
0,image1,48,0.7886,2.76189E+12,0.41061,0.1005,0.62414,0.16446,3,1,0.41275,0.09753,1,0.99226,0.40476,0,,0.10967,0.1799,11.18996,1.04216,1,0.42006,0.18151,10.17133,1.04319,1
0,image1,49,0.80475,2.76189E+12,0.40899,0.10259,0.62414,0.18062,3,1,0.3912,0.1256,1,0.99226,0.40476,0,,0.10947,0.18012,11.71571,1.04216,1,0.42045,0.18126,9.81569,1.03755,1
0,image1,50,0.821,2.76189E+12,0.41028,0.10167,0.62414,0.19686,3,1,0.4257,0.09057,1,0.99226,0.40476,0,,0.11001,0.17947,10.86355,1.03079,1,0.42123,0.18127,9.82868,1.02618,1
0,image1,51,0.84037,2.76189E+12,0.41143,0.10107,0.62414,0.21623,3,1,0.42641,0.09322,1,0.99226,0.40476,0,,0.11055,0.17961,11.41763,1.02507,1,0.42169,0.18095,9.86096,1.02618,1
0,image1,52,0.85397,2.76189E+12,0.41047,0.10319,0.62414,0.22983,3,1,0.39701,0.13293,1,0.99226,0.40476,0,,0.11154,0.17965,11.19528,1.02507,1,0.42206,0.18005,8.80556,1.03665,1
0,image1,53,0.87109,2.76189E+12,0.41013,0.10413,0.62414,0.24696,3,1,0.405,0.11822,1,0.99226,0.40476,0,,0.11154,0.17965,11.19528,1.04127,1,0.42198,0.18112,9.03934,1.05286,1
0,image1,54,0.89158,2.76189E+12,0.40974,0.10455,0.62414,0.26744,3,1,0.40362,0.11121,1,0.99226,0.40476,0,,0.1118,0.17999,11.56668,1.05183,1,0.42237,0.18108,9.61609,1.05769,1
0,image1,55,0.90312,2.76189E+12,0.40974,0.10326,0.62414,0.27898,3,1,0.4096,0.08136,1,0.99226,0.40476,0,,0.11128,0.18042,12.03315,1.05667,1,0.42198,0.18102,9.01356,1.05769,1
0,image1,56,0.91968,2.76189E+12,0.4092,0.10217,0.62414,0.29554,3,1,0.39953,0.08253,1,0.99226,0.40476,0,,0.11188,0.17982,11.3235,1.05667,1,0.4223,0.1809,9.39595,1.05769,1
0,image1,57,0.93634,2.76189E+12,0.40871,0.10131,0.62414,0.3122,3,1,0.39948,0.08499,1,0.99226,0.40476,0,,0.11185,0.17951,11.48766,1.05667,1,0.4224,0.18092,9.56781,1.05278,1
0,image1,58,0.95274,2.76189E+12,0.4079,0.10146,0.62414,0.3286,3,1,0.39156,0.1046,1,0.99226,0.40476,0,,0.11211,0.17889,11.73414,1.05176,1,0.42309,0.18092,9.83147,1.04223,1
0,image1,59,0.96901,2.76189E+12,0.4131,0.10184,0.62414,0.34488,3,1,0.52233,0.10965,1,0.99226,0.40476,0,,0.11534,0.17824,12.43218,1.03548,1,0.42571,0.18054,10.12717,1.02596,1
0,image1,60,0.98546,2.76189E+12,0.41787,0.10276,0.62414,0.36132,3,1,0.52295,0.12313,1,0.99226,0.40476,0,,0.11722,0.17697,10.896,1.01921,1,0.42962,0.17745,8.26977,1.01459,1
0,image1,61,1.0017,2.76189E+12,0.43372,0.10342,0.62414,0.37757,3,1,0.79822,0.11848,1,0.99226,0.40476,0,,0.12702,0.17891,11.27529,1.00784,1,0.43803,0.1787,8.78117,1.00886,1
0,image1,62,1.01807,2.76189E+12,0.48978,0.10705,0.62414,0.37757,3,0,0.80161,0.12431,1,0.99226,0.40476,0,,0.12679,0.17924,11.18195,1.00784,1,0.43806,0.17865,8.72063,1.00886,1
0,image1,63,1.03471,2.76189E+12,0.64635,0.11278,0.62414,0.37757,3,0,0.80293,0.11852,1,0.99226,0.40476,0,,0.1281,0.17908,10.41232,1.01348,1,0.4385,0.17866,9.23036,1.01451,1
0,image1,64,1.05115,2.76189E+12,0.69961,0.11123,0.62414,0.37757,3,0,0.80612,0.10811,1,0.99226,0.40476,0,,0.12806,0.17935,10.35466,1.01912,1,0.43862,0.17902,9.33185,1.02015,1
0,image1,65,1.06759,2.76189E+12,0.79742,0.11123,0.62414,0.37757,3,0,0.78322,0.10706,1,0.99226,0.40476,0,,0.12784,0.17971,10.77171,1.02967,1,0.43922,0.17884,9.45305,1.0307,1
0,image1,66,1.08422,2.76189E+12,0.79033,0.1091,0.62414,0.37757,3,0,0.78324,0.10698,1,0.99226,0.40476,0,,0.12794,0.17965,10.77326,1.02974,1,0.43915,0.17902,9.26963,1.03077,1
0,image1,67,1.10425,2.76189E+12,0.79692,0.10476,0.62414,0.37757,3,0,0.8101,0.09608,1,0.99226,0.40476,0,,0.12851,0.17962,11.07511,1.02982,1,0.43977,0.17889,8.89668,1.03084,1
0,image1,68,1.11684,2.76189E+12,0.80078,0.10429,1.06759,0.04924,4,1,0.81237,0.10286,1,0.99226,0.40476,0,,0.12851,0.17962,11.07511,1.02498,1,0.43992,0.17915,9.04608,1.02601,1
0,image1,69,1.13306,2.76189E+12,0.80287,0.105,1.06759,0.06547,4,1,0.81121,0.10786,1,0.99226,0.40476,0,,0.12861,0.17983,11.14607,1.02015,1,0.43993,0.17904,8.97126,1.02117,1
0,image1,70,1.14997,2.76189E+12,0.81227,0.11077,1.06759,0.08238,4,1,0.85927,0.13959,1,0.99226,0.40476,0,,0.1298,0.18012,11.41031,1.01531,1,0.44129,0.17929,8.88241,1.0107,1
0,image1,71,1.16594,2.76189E+12,0.81772,0.11905,1.06759,0.09834,4,1,0.85045,0.16873,1,0.99226,0.40476,0,,0.12972,0.1793,11.41039,1.00484,1,0.44127,0.17915,8.99083,1.00022,1
0,image1,72,1.18265,2.76189E+12,0.82162,0.12596,1.06759,0.11505,4,1,0.84886,0.17434,1,0.99226,0.40476,0,,0.13026,0.17892,11.07351,0.99919,1,0.44157,0.17904,8.75158,0.99458,1
0,image1,73,1.19912,2.76189E+12,0.82689,0.12912,1.06759,0.13153,4,1,0.8691,0.15438,1,0.99226,0.40476,0,,0.1301,0.17926,11.11798,0.99355,1,0.44177,0.17891,9.12188,0.99941,1
0,image1,74,1.22174,2.76189E+12,0.83105,0.13188,1.06759,0.15414,4,1,0.86853,0.15676,1,0.99226,0.40476,0,,0.13003,0.17968,11.18226,0.99839,1,0.44179,0.17887,9.19102,1.00425,1
0,image1,75,1.23193,2.76189E+12,0.83459,0.1337,1.06759,0.16434,4,1,0.86997,0.15188,1,0.99226,0.40476,0,,0.13006,0.17971,11.34085,1.00322,1,0.44179,0.17887,9.19102,1.00908,1
0,image1,76,1.24817,2.76189E+12,0.83749,0.13551,1.06759,0.18058,4,1,0.86937,0.15546,1,0.99226,0.40476,0,,0.12983,0.18006,11.44244,1.00806,1,0.4419,0.17913,9.1861,1.01392,1
0,image1,77,1.2648,2.76189E+12,0.83837,0.1358,1.06759,0.19721,4,1,0.8489,0.13932,1,0.99226,0.40476,0,,0.12994,0.17957,11.54702,1.01289,1,0.44178,0.17931,8.98697,1.01875,1
0,image1,78,1.28118,2.76189E+12,0.83922,0.13571,1.06759,0.21358,4,1,0.85024,0.13443,1,0.99226,0.40476,0,,0.12993,0.1795,11.55752,1.01773,1,0.44158,0.17963,8.98697,1.02359,1
0,image1,79,1.2976,2.76189E+12,0.84049,0.13602,1.06759,0.23,4,1,0.85828,0.14039,1,0.99226,0.40476,0,,0.12984,0.1801,11.27643,1.02256,1,0.44135,0.1796,9.18348,1.02359,1
0,image1,80,1.31385,2.76189E+12,0.84167,0.136,1.06759,0.24626,4,1,0.85943,0.13572,1,0.99226,0.40476,0,,0.12972,0.17961,11.4711,1.02256,1,0.44139,0.17969,9.14909,1.02359,1
0,image1,81,1.33017,2.76189E+12,0.84272,0.13598,1.06759,0.26258,4,1,0.85943,0.13572,1,0.99226,0.40476,0,,0.12972,0.17961,11.4711,1.02256,1,0.44139,0.17969,9.14909,1.02359,1
0,image1,82,1.3467,2.76189E+12,0.84342,0.13492,1.06759,0.27911,4,1,0.85532,0.11687,1,0.99226,0.40476,0,,0.12991,0.17964,11.27187,1.02256,1,0.44129,0.17923,9.27713,1.02359,1
0,image1,83,1.36311,2.76189E+12,0.84373,0.13513,1.06759,0.29551,4,1,0.84942,0.13885,1,0.99226,0.40476,0,,0.12911,0.17947,11.60575,1.02256,1,0.44138,0.17936,9.33314,1.02359,1
0,image1,84,1.3796,2.76189E+12,0.84415,0.13488,1.06759,0.31201,4,1,0.85217,0.13022,1,0.99226,0.40476,0,,0.12924,0.1798,12.11068,1.02821,1,0.44082,0.17917,9.36884,1.03496,1
0,image1,85,1.39598,2.76189E+12,0.83204,0.13157,1.06759,0.32839,4,1,0.58986,0.0653,1,0.99226,0.40476,0,,0.11985,0.1781,13.11958,1.03957,1,0.43247,0.17806,8.82397,1.04633,1
0,image1,86,1.4128,2.76189E+12,0.81338,0.12929,1.06759,0.34521,4,1,0.42137,0.08143,1,0.99226,0.40476,0,,0.11271,0.18,12.22658,1.05094,1,0.4229,0.18166,8.7088,1.05769,1
0,image1,87,1.42901,2.76189E+12,0.76116,0.12035,1.06759,0.34521,4,0,0.42012,0.07047,1,0.99226,0.40476,0,,0.11211,0.17898,11.52166,1.06231,1,0.42239,0.18077,9.94927,1.06906,1
0,image1,88,1.44516,2.76189E+12,0.56065,0.10335,1.06759,0.34521,4,0,0.36015,0.08636,1,0.99226,0.40476,0,,0.11132,0.18003,12.03883,1.07368,1,0.42141,0.18106,10.43764,1.08043,1
0,image1,89,1.46186,2.76189E+12,0.4946,0.08967,1.06759,0.34521,4,0,0.3625,0.06231,1,0.99226,0.40476,0,,0.11118,0.17987,12.06811,1.08504,1,0.42142,0.1812,10.38646,1.0918,1
0,image1,90,1.47831,2.76189E+12,0.36146,0.07026,1.06759,0.34521,4,0,0.36174,0.06213,1,0.99226,0.40476,0,,0.11118,0.17987,12.06811,1.09077,1,0.42142,0.1812,10.38646,1.08689,1
0,image1,91,1.49462,2.76189E+12,0.36289,0.0858,1.06759,0.34521,4,0,0.36433,0.10133,1,0.99226,0.40476,0,,0.11091,0.17828,11.70162,1.08586,1,0.42162,0.18092,9.83718,1.07634,1
0,image1,92,1.51098,2.76189E+12,0.36755,0.09245,1.06759,0.34521,4,0,0.37687,0.10577,1,0.99226,0.40476,0,,0.11093,0.17838,11.73132,1.06959,1,0.42162,0.18071,9.78431,1.06006,1
0,image1,93,1.52761,2.76189E+12,0.37045,0.09828,1.47831,0.0493,5,1,0.37914,0.11576,1,0.99226,0.40476,0,,0.11064,0.17782,11.57312,1.05331,1,0.42162,0.18006,9.71179,1.05442,1
0,image1,94,1.54592,2.76189E+12,0.3695,0.10101,1.47831,0.06761,5,1,0.36569,0.11195,1,0.99226,0.40476,0,,0.11066,0.17832,11.59663,1.04767,1,0.4216,0.18054,9.82729,1.04878,1
0,image1,95,1.56123,2.76189E+12,0.37016,0.10348,1.47831,0.08292,5,1,0.37346,0.1158,1,0.99226,0.40476,0,,0.11057,0.17823,11.45732,1.04203,1,0.42132,0.18076,10.35697,1.04314,1
0,image1,96,1.57696,2.76189E+12,0.37077,0.10672,1.47831,0.09865,5,1,0.37445,0.12616,1,0.99226,0.40476,0,,0.11057,0.17823,11.45732,1.03639,1,0.4216,0.18054,9.82729,1.02686,1
0,image1,97,1.59319,2.76189E+12,0.37286,0.10944,1.47831,0.11488,5,1,0.3875,0.12849,1,0.99226,0.40476,0,,0.11065,0.17831,11.58475,1.02011,1,0.42174,0.18048,9.58992,1.01623,1
0,image1,98,1.60998,2.76189E+12,0.37518,0.1104,1.47831,0.13167,5,1,0.39376,0.11806,1,0.99226,0.40476,0,,0.11063,0.1784,11.71846,1.02011,1,0.4217,0.18015,9.53243,1.01623,1
0,image1,99,1.62634,2.76189E+12,0.37704,0.11093,1.47831,0.14803,5,1,0.39375,0.1157,1,0.99226,0.40476,0,,0.1109,0.17841,11.84084,1.02011,1,0.42198,0.18053,10.3752,1.02114,1
0,image1,100,1.64283,2.76189E+12,0.37733,0.11217,1.47831,0.16452,5,1,0.38018,0.12457,1,0.99226,0.40476,0,,0.11103,0.1784,11.96905,1.02502,1,0.42198,0.18018,9.9707,1.02604,1
0,image1,101,1.65922,2.76189E+12,0.38037,0.12223,1.47831,0.1809,5,1,0.41387,0.23289,1,0.99226,0.40476,0,,0.11133,0.18029,11.7533,1.01929,1,0.42216,0.18101,8.57685,1.02032,1
0,image1,102,1.67526,2.76189E+12,0.383,0.13112,1.47831,0.19695,5,1,0.41457,0.23776,1,0.99226,0.40476,0,,0.11375,0.1819,12.24205,1.01357,1,0.42197,0.18304,9.05051,1.01459,1
0,image1,103,1.6919,2.76189E+12,0.38485,0.15531,1.47831,0.21358,5,1,0.40884,0.4699,1,0.99226,0.40476,0,,0.11271,0.18572,11.21352,1.00784,1,0.42187,0.18809,9.03753,1.00886,1
0,image1,104,1.70818,2.76189E+12,0.38567,0.17723,1.47831,0.22987,5,1,0.39725,0.48412,1,0.99226,0.40476,0,,0.11256,0.18591,11.00134,1.01275,1,0.42198,0.18841,9.20175,1.01377,1
0,image1,105,1.7253,2.76189E+12,0.39159,0.22827,1.47831,0.22987,5,0,0.39574,0.47389,1,0.99226,0.40476,0,,0.11298,0.1864,10.99929,1.0233,1,0.42224,0.18901,9.17617,1.03682,1
0,image1,106,1.74126,2.76189E+12,0.38725,0.3292,1.47831,0.22987,5,0,0.38291,0.43014,1,0.99226,0.40476,0,,0.11356,0.18638,10.66618,1.04634,1,0.42264,0.18856,9.31593,1.05986,1
0,image1,107,1.76178,2.76189E+12,0.38839,0.36693,1.47831,0.22987,5,0,0.39067,0.44237,1,0.99226,0.40476,0,,0.11352,0.18606,10.93942,1.06448,1,0.42295,0.18867,9.5502,1.078,1
0,image1,108,1.77361,2.76189E+12,0.38755,0.43713,1.47831,0.22987,5,0,0.38908,0.43887,1,0.99226,0.40476,0,,0.11327,0.18608,10.70817,1.07697,1,0.42307,0.18884,8.99603,1.078,1
0,image1,109,1.78999,2.76189E+12,0.39449,0.45309,1.47831,0.22987,5,0,0.40143,0.46905,1,0.99226,0.40476,0,,0.11322,0.1858,11.1006,1.07697,1,0.42328,0.18885,9.18906,1.078,1
0,image1,110,1.80635,2.76189E+12,0.40954,0.46779,1.47831,0.22987,5,0,0.43962,0.4972,1,0.99226,0.40476,0,,0.11446,0.18601,11.76888,1.07697,1,0.42465,0.18885,9.19636,1.078,1
0,image1,111,1.82285,2.76189E+12,0.41693,0.47434,1.77361,0.04924,6,1,0.43909,0.494,1,0.99226,0.40476,0,,0.11597,0.1843,10.69633,1.08261,1,0.42782,0.18671,8.28063,1.08364,1
0,image1,112,1.83938,2.76189E+12,0.53913,0.45084,1.77361,0.04924,6,0,0.87637,0.34313,1,0.99226,0.40476,0,,0.12893,0.18418,12.02719,1.08825,1,0.44008,0.18589,9.58544,1.08364,1
0,image1,113,1.85593,2.76189E+12,0.71037,0.39418,1.77361,0.04924,6,0,0.8816,0.33752,1,0.99226,0.40476,0,,0.13106,0.18462,12.4291,1.07576,1,0.44102,0.18639,9.62571,1.07114,1
0,image1,114,1.87404,2.76189E+12,0.76566,0.37993,1.77361,0.04924,6,0,0.87624,0.35141,1,0.99226,0.40476,0,,0.13163,0.18462,11.7372,1.05762,1,0.44227,0.18643,9.2879,1.05301,1
0,image1,115,1.88862,2.76189E+12,0.89,0.35191,1.77361,0.04924,6,0,0.91216,0.3668,1,0.99226,0.40476,0,,0.13154,0.18477,11.83227,1.03949,1,0.44238,0.18653,9.33023,1.04051,1
0,image1,116,1.90506,2.76189E+12,0.90075,0.35487,1.77361,0.04924,6,0,0.91151,0.35783,1,0.99226,0.40476,0,,0.13136,0.18458,11.49136,1.03949,1,0.44243,0.18642,9.56152,1.04051,1
0,image1,117,1.92169,2.76189E+12,0.90395,0.35654,1.77361,0.04924,6,0,0.91034,0.35988,1,0.99226,0.40476,0,,0.13126,0.18519,12.05808,1.03949,1,0.44251,0.18611,9.21083,1.0356,1
0,image1,118,1.93807,2.76189E+12,0.9044,0.35826,1.88862,0.04945,7,1,0.90575,0.36344,1,0.99226,0.40476,0,,0.13081,0.1848,12.14421,1.03458,1,0.44279,0.1863,9.31048,1.02506,1
0,image1,119,1.95471,2.76189E+12,0.90007,0.36533,1.88862,0.06609,7,1,0.88276,0.39359,1,0.99226,0.40476,0,,0.13074,0.18451,12.0454,1.02403,1,0.44251,0.18611,9.21083,1.01451,1
0,image1,120,1.97111,2.76189E+12,0.89664,0.37136,1.88862,0.08249,7,1,0.87946,0.4015,1,0.99226,0.40476,0,,0.13008,0.1849,11.98129,1.01348,1,0.44254,0.18611,9.19354,1.00396,1
0,image1,121,1.98743,2.76189E+12,0.89463,0.37542,1.88862,0.09881,7,1,0.8826,0.39977,1,0.99226,0.40476,0,,0.13008,0.1849,11.98129,1.00293,1,0.44266,0.18616,9.26056,0.99905,1
0,image1,122,2.00462,2.76189E+12,0.90222,0.37877,1.88862,0.116,7,1,0.95535,0.40221,1,0.99226,0.40476,0,,0.13128,0.18524,11.41848,0.99802,1,0.44394,0.18757,9.74131,0.99414,1
0,image1,123,2.02,2.76189E+12,0.90791,0.38179,1.88862,0.13138,7,1,0.95344,0.40596,1,0.99226,0.40476,0,,0.13314,0.18567,12.62436,0.99311,1,0.44507,0.18708,9.21423,0.98923,1
0,image1,124,2.0367,2.76189E+12,0.91474,0.38561,1.88862,0.14808,7,1,0.97623,0.41997,1,0.99226,0.40476,0,,0.13325,0.18539,11.82901,0.98821,1,0.44518,0.18763,9.58544,0.98432,1
0,image1,125,2.05286,2.76189E+12,0.91894,0.38756,1.88862,0.16424,7,1,0.96091,0.40711,1,0.99226,0.40476,0,,0.13303,0.18557,11.87391,0.98821,1,0.44508,0.18755,9.60075,0.98432,1
0,image1,126,2.06936,2.76189E+12,0.92253,0.38897,1.88862,0.18074,7,1,0.96196,0.40446,1,0.99226,0.40476,0,,0.13284,0.18569,11.76485,0.99385,1,0.44507,0.18708,9.21423,0.98571,1
0,image1,127,2.08635,2.76189E+12,0.92596,0.39097,1.88862,0.19773,7,1,0.96716,0.41493,1,0.99226,0.40476,0,,0.13325,0.18574,11.55074,0.99523,1,0.44504,0.18714,9.29882,0.9871,1
0,image1,128,2.10209,2.76189E+12,0.92841,0.39241,1.88862,0.21347,7,1,0.96027,0.41122,1,0.99226,0.40476,0,,0.13355,0.18519,11.50481,0.99662,1,0.44493,0.18757,8.92099,0.98848,1
0,image1,129,2.11846,2.76189E+12,0.93042,0.39388,1.88862,0.22984,7,1,0.95858,0.41445,1,0.99226,0.40476,0,,0.13325,0.18559,11.60871,0.99237,1,0.44492,0.1878,8.98065,0.98423,1
0,image1,130,2.13496,2.76189E+12,0.93211,0.39411,1.88862,0.24634,7,1,0.95747,0.3975,1,0.99226,0.40476,0,,0.1331,0.1858,11.49275,0.98811,1,0.44467,0.18807,9.38613,0.97998,1
0,image1,131,2.15134,2.76189E+12,0.93296,0.39579,1.88862,0.26272,7,1,0.94663,0.42266,1,0.99226,0.40476,0,,0.13191,0.18597,11.42688,0.98386,1,0.44467,0.18807,9.38613,0.97572,1
0,image1,132,2.16771,2.76189E+12,0.93367,0.39745,1.88862,0.27909,7,1,0.9456,0.42575,1,0.99226,0.40476,0,,0.13191,0.18597,11.42688,0.97477,1,0.44454,0.18792,9.38084,0.9758,1
0,image1,133,2.1842,2.76189E+12,0.95848,0.41261,1.88862,0.27909,7,0,0.95821,0.42513,1,0.99226,0.40476,0,,0.13195,0.18608,11.82234,0.97484,1,0.44431,0.18806,9.12953,0.97023,1
0,image1,134,2.20058,2.76189E+12,0.92065,0.43597,1.88862,0.27909,7,0,0.88282,0.45933,1,0.99226,0.40476,0,,0.1297,0.1851,12.2277,0.97353,1,0.4425,0.18697,8.51198,0.96891,1
0,image1,135,2.21708,2.76189E+12,0.90953,0.44083,1.88862,0.27909,7,0,0.88729,0.45055,1,0.99226,0.40476,0,,0.1272,0.18451,12.96778,0.98269,1,0.43981,0.18625,8.52891,0.9838,1
0,image1,136,2.23346,2.76189E+12,0.74064,0.39541,1.88862,0.27909,7,0,0.45182,0.27636,1,0.99226,0.40476,0,,0.11347,0.18002,11.997,0.99758,1,0.42363,0.18387,9.95831,1.00433,1
0,image1,137,2.24984,2.76189E+12,0.56642,0.32083,1.88862,0.27909,7,0,0.3922,0.24625,1,0.99226,0.40476,0,,0.11171,0.1801,12.2978,1.01811,1,0.42248,0.187,10.41657,1.02486,1
0,image1,138,2.26635,2.76189E+12,0.50737,0.2911,1.88862,0.27909,7,0,0.38928,0.23163,1,0.99226,0.40476,0,,0.11059,0.17996,12.10136,1.03864,1,0.42098,0.18339,10.45662,1.03967,1
0,image1,139,2.2831,2.76189E+12,0.3956,0.23389,1.88862,0.27909,7,0,0.40533,0.22379,1,0.99226,0.40476,0,,0.11085,0.18108,12.15855,1.05344,1,0.42054,0.18309,10.36144,1.0593,1
0,image1,140,2.29939,2.76189E+12,0.39191,0.2425,1.88862,0.27909,7,0,0.38821,0.25111,1,0.99226,0.40476,0,,0.11085,0.18132,12.16245,1.06392,1,0.42054,0.18309,10.36144,1.06978,1
0,image1,141,2.31574,2.76189E+12,0.39045,0.24409,1.88862,0.27909,7,0,0.38754,0.24727,1,0.99226,0.40476,0,,0.11081,0.18126,11.65149,1.06876,1,0.42026,0.18287,10.14299,1.07462,1
0,image1,142,2.33196,2.76189E+12,0.38976,0.24292,2.2831,0.04886,8,1,0.38768,0.23942,1,0.99226,0.40476,0,,0.11022,0.18122,12.07272,1.07359,1,0.42062,0.18318,10.35457,1.06897,1
0,image1,143,2.34858,2.76189E+12,0.38992,0.2395,2.2831,0.06548,8,1,0.39058,0.22582,1,0.99226,0.40476,0,,0.11022,0.18122,12.07272,1.06222,1,0.42075,0.18319,10.55499,1.05761,1
0,image1,144,2.36503,2.76189E+12,0.39016,0.23801,2.2831,0.08193,8,1,0.39136,0.23054,1,0.99226,0.40476,0,,0.1101,0.1814,11.91988,1.0565,1,0.42075,0.18319,10.55499,1.05188,1
0,image1,145,2.38146,2.76189E+12,0.38928,0.23483,2.2831,0.09836,8,1,0.38399,0.21577,1,0.99226,0.40476,0,,0.10996,0.18161,12.4185,1.05077,1,0.42065,0.18335,10.42376,1.04615,1
0,image1,146,2.39785,2.76189E+12,0.38751,0.23433,2.2831,0.11475,8,1,0.37509,0.23086,1,0.99226,0.40476,0,,0.1098,0.1819,12.26037,1.05077,1,0.42052,0.18385,10.35989,1.04615,1
0,image1,147,2.41586,2.76189E+12,0.38622,0.23446,2.2831,0.13276,8,1,0.37594,0.2355,1,0.99226,0.40476,0,,0.10975,0.18187,12.04401,1.04513,1,0.42051,0.18389,10.4309,1.04051,1
0,image1,148,2.43071,2.76189E+12,0.38545,0.23475,2.2831,0.14761,8,1,0.37852,0.23734,1,0.99226,0.40476,0,,0.10979,0.18091,11.82285,1.03949,1,0.42058,0.18393,9.99834,1.04051,1
0,image1,149,2.44696,2.76189E+12,0.38379,0.23545,2.2831,0.16386,8,1,0.36714,0.24245,1,0.99226,0.40476,0,,0.10988,0.18304,11.82776,1.03949,1,0.42005,0.1845,10.02541,1.04051,1
0,image1,150,2.46347,2.76189E+12,0.3824,0.23584,2.2831,0.18037,8,1,0.3671,0.24009,1,0.99226,0.40476,0,,0.11068,0.18409,12.06502,1.03949,1,0.42001,0.18583,10.2056,1.04624,1
0,image1,151,2.47983,2.76189E+12,0.38219,0.25527,2.2831,0.19673,8,1,0.37975,0.4885,1,0.99226,0.40476,0,,0.11073,0.18805,11.61256,1.04521,1,0.41901,0.18968,9.24212,1.04633,1
0,image1,152,2.49645,2.76189E+12,0.38016,0.26987,2.2831,0.21335,8,1,0.3537,0.4596,1,0.99226,0.40476,0,,0.11024,0.1881,11.57205,1.0453,1,0.41972,0.18988,8.79074,1.04641,1
0,image1,153,2.5127,2.76189E+12,0.37833,0.28228,2.2831,0.2296,8,1,0.35269,0.4561,1,0.99226,0.40476,0,,0.11018,0.18831,11.51851,1.05103,1,0.41945,0.19086,9.57861,1.05214,1
0,image1,154,2.5292,2.76189E+12,0.37806,0.29284,2.2831,0.2461,8,1,0.37406,0.45122,1,0.99226,0.40476,0,,0.10912,0.18826,11.34025,1.05675,1,0.41904,0.19111,10.20967,1.0635,1
0,image1,155,2.54559,2.76189E+12,0.37295,0.33218,2.2831,0.2461,8,0,0.37607,0.49821,1,0.99226,0.40476,0,,0.10993,0.18847,11.56331,1.06812,1,0.41904,0.19111,10.20967,1.07487,1
0,image1,156,2.56195,2.76189E+12,0.37408,0.41358,2.2831,0.2461,8,0,0.3752,0.49498,1,0.99226,0.40476,0,,0.1091,0.18842,11.56839,1.07385,1,0.41884,0.19102,10.06525,1.0806,1
0,image1,157,2.57859,2.76189E+12,0.37015,0.44093,2.2831,0.2461,8,0,0.3623,0.49563,1,0.99226,0.40476,0,,0.10871,0.18844,11.92259,1.07957,1,0.41884,0.19102,10.06525,1.08633,1
0,image1,158,2.59509,2.76189E+12,0.36093,0.48229,2.2831,0.2461,8,0,0.3453,0.45626,1,0.99226,0.40476,0,,0.10871,0.18844,11.92259,1.07957,1,0.41879,0.19052,10.0024,1.08633,1
0,image1,159,2.6115,2.76189E+12,0.35261,0.4676,2.2831,0.2461,8,0,0.34429,0.45291,1,0.99226,0.40476,0,,0.10871,0.18836,12.05016,1.08521,1,0.41905,0.19006,9.53712,1.09197,1
0,image1,160,2.63066,2.76189E+12,0.34532,0.46559,2.2831,0.2461,8,0,0.33073,0.46156,1,0.99226,0.40476,0,,0.10843,0.1878,11.84412,1.09086,1,0.41881,0.1892,9.43241,1.09197,1
0,image1,161,2.6442,2.76189E+12,0.35133,0.4514,2.59509,0.04911,9,1,0.36938,0.40884,1,0.99226,0.40476,0,,0.10879,0.18656,12.055,1.09086,1,0.41913,0.18824,10.00924,1.09197,1
0,image1,162,2.66072,2.76189E+12,0.35513,0.44396,2.59509,0.06563,9,1,0.3703,0.4142,1,0.99226,0.40476,0,,0.10844,0.18457,11.9694,1.08521,1,0.41854,0.18585,9.35299,1.0806,1
0,image1,163,2.67695,2.76189E+12,0.3662,0.39309,2.59509,0.08186,9,1,0.42156,0.13874,1,0.99226,0.40476,0,,0.1098,0.17837,12.86305,1.07385,1,0.41873,0.18162,10.42381,1.07487,1
0,image1,164,2.69364,2.76189E+12,0.37292,0.3582,2.59509,0.09855,9,1,0.41327,0.14889,1,0.99226,0.40476,0,,0.10924,0.17908,13.03835,1.06812,1,0.41873,0.18162,10.42381,1.06915,1
0,image1,165,2.70983,2.76189E+12,0.37807,0.33194,2.59509,0.11474,9,1,0.41412,0.14809,1,0.99226,0.40476,0,,0.10892,0.17867,13.101,1.06239,1,0.4184,0.18086,9.8948,1.07591,1
0,image1,166,2.72633,2.76189E+12,0.38226,0.30797,2.59509,0.13124,9,1,0.41572,0.11623,1,0.99226,0.40476,0,,0.10844,0.17822,12.89611,1.06916,1,0.4184,0.18086,9.8948,1.07704,1
0,image1,167,2.74279,2.76189E+12,0.38568,0.28998,2.59509,0.14771,9,1,0.41651,0.12808,1,0.99226,0.40476,0,,0.10845,0.17887,12.90584,1.07029,1,0.4184,0.18086,9.8948,1.07817,1
0,image1,168,2.75921,2.76189E+12,0.38845,0.2757,2.59509,0.16412,9,1,0.41616,0.13287,1,0.99226,0.40476,0,,0.10813,0.17891,12.99435,1.07141,1,0.41807,0.18081,10.26513,1.0668,1